District_ID,District,COA,License_Plate_ID,State,State_Flag,State_COA,Population,Area_in_km²,Population_density_in_1/km²,Map,Blank_districts
5334,Städteregion Aachen,<img src=COA_Städteregion_Aachen.svg>,"AC, MON",Nordrhein-Westfalen,<img src=StateFlag_Nordrhein-Westfalen.svg>,<img src=StateCOA_Nordrhein-Westfalen.svg>,582 463,706,824,<img src=DistrictMap_Städteregion_Aachen.png>,<img src=blank_districts_map.png>
7131,Ahrweiler,<img src=COA_Ahrweiler.svg>,AW,Rheinland-Pfalz,<img src=StateFlag_Rheinland-Pfalz.svg>,<img src=StateCOA_Rheinland-Pfalz.svg>,128 741,787,164,<img src=DistrictMap_Ahrweiler.png>,<img src=blank_districts_map.png>
9771,Aichach-Friedberg,<img src=COA_Aichach-Friedberg.svg>,"AIC, FDB",Bayern,<img src=StateFlag_Bayern.svg>,<img src=StateCOA_Bayern.svg>,138 607,780,178,<img src=DistrictMap_Aichach-Friedberg.png>,<img src=blank_districts_map.png>
8425,Alb-Donau-Kreis,<img src=COA_Alb-Donau-Kreis.svg>,UL,Baden-Württemberg,<img src=StateFlag_Baden-Württemberg.svg>,<img src=StateCOA_Baden-Württemberg.svg>,203 873,1 358,150,<img src=DistrictMap_Alb-Donau-Kreis.png>,<img src=blank_districts_map.png>
16077,Altenburger Land,<img src=COA_Altenburger_Land.svg>,"ABG, SLN",Thüringen,<img src=StateFlag_Thüringen.svg>,<img src=StateCOA_Thüringen.svg>,88 692,569,156,<img src=DistrictMap_Altenburger_Land.png>,<img src=blank_districts_map.png>
7132,Altenkirchen (Westerwald),<img src=COA_Altenkirchen_(Westerwald).svg>,AK,Rheinland-Pfalz,<img src=StateFlag_Rheinland-Pfalz.svg>,<img src=StateCOA_Rheinland-Pfalz.svg>,131 907,642,205,<img src=DistrictMap_Altenkirchen_(Westerwald).png>,<img src=blank_districts_map.png>
15081,Altmarkkreis Salzwedel,<img src=COA_Altmarkkreis_Salzwedel.svg>,"SAW, GA, KLZ",Sachsen-Anhalt,<img src=StateFlag_Sachsen-Anhalt.svg>,<img src=StateCOA_Sachsen-Anhalt.svg>,80 780,2 294,35,<img src=DistrictMap_Altmarkkreis_Salzwedel.png>,<img src=blank_districts_map.png>
9171,Altötting,<img src=COA_Altötting.svg>,"AÖ, LF",Bayern,<img src=StateFlag_Bayern.svg>,<img src=StateCOA_Bayern.svg>,114 459,569,201,<img src=DistrictMap_Altötting.png>,<img src=blank_districts_map.png>
7331,Alzey-Worms,<img src=COA_Alzey-Worms.svg>,AZ,Rheinland-Pfalz,<img src=StateFlag_Rheinland-Pfalz.svg>,<img src=StateCOA_Rheinland-Pfalz.svg>,133 430,588,227,<img src=DistrictMap_Alzey-Worms.png>,<img src=blank_districts_map.png>
9371,Amberg-Sulzbach,<img src=COA_Amberg-Sulzbach.svg>,"AS, BUL, ESB, NAB, SUL",Bayern,<img src=StateFlag_Bayern.svg>,<img src=StateCOA_Bayern.svg>,104 914,1 255,84,<img src=DistrictMap_Amberg-Sulzbach.png>,<img src=blank_districts_map.png>
3451,Ammerland,<img src=COA_Ammerland.svg>,WST,Niedersachsen,<img src=StateFlag_Niedersachsen.svg>,<img src=StateCOA_Niedersachsen.svg>,129 108,730,177,<img src=DistrictMap_Ammerland.png>,<img src=blank_districts_map.png>
15082,Anhalt-Bitterfeld,<img src=COA_Anhalt-Bitterfeld.svg>,"ABI, AZE, BTF, KÖT, ZE",Sachsen-Anhalt,<img src=StateFlag_Sachsen-Anhalt.svg>,<img src=StateCOA_Sachsen-Anhalt.svg>,153 801,1 454,106,<img src=DistrictMap_Anhalt-Bitterfeld.png>,<img src=blank_districts_map.png>
9571,Ansbach (Kreis),<img src=COA_Ansbach.svg>,"AN, DKB, FEU, ROT",Bayern,<img src=StateFlag_Bayern.svg>,<img src=StateCOA_Bayern.svg>,189 517,1 971,96,<img src=DistrictMap_Ansbach_(Kreis).png>,<img src=blank_districts_map.png>
9671,Aschaffenburg (Kreis),<img src=COA_Aschaffenburg.svg>,"AB, ALZ",Bayern,<img src=StateFlag_Bayern.svg>,<img src=StateCOA_Bayern.svg>,177 056,698,253,<img src=DistrictMap_Aschaffenburg_(Kreis).png>,<img src=blank_districts_map.png>
9772,Augsburg (Kreis),<img src=COA_Augsburg.svg>,"A, SMÜ, WER",Bayern,<img src=StateFlag_Bayern.svg>,<img src=StateCOA_Bayern.svg>,263 578,1 070,246,<img src=DistrictMap_Augsburg_(Kreis).png>,<img src=blank_districts_map.png>
3452,Aurich,<img src=COA_Aurich.svg>,"AUR, NOR",Niedersachsen,<img src=StateFlag_Niedersachsen.svg>,<img src=StateCOA_Niedersachsen.svg>,192 608,1 287,150,<img src=DistrictMap_Aurich.png>,<img src=blank_districts_map.png>
7332,Bad Dürkheim,<img src=COA_Bad_Dürkheim.svg>,DÜW,Rheinland-Pfalz,<img src=StateFlag_Rheinland-Pfalz.svg>,<img src=StateCOA_Rheinland-Pfalz.svg>,134 711,594,227,<img src=DistrictMap_Bad_Dürkheim.png>,<img src=blank_districts_map.png>
9672,Bad Kissingen,<img src=COA_Bad_Kissingen.svg>,"KG, BRK, HAB",Bayern,<img src=StateFlag_Bayern.svg>,<img src=StateCOA_Bayern.svg>,104 898,1 136,92,<img src=DistrictMap_Bad_Kissingen.png>,<img src=blank_districts_map.png>
7133,Bad Kreuznach,<img src=COA_Bad_Kreuznach.svg>,KH,Rheinland-Pfalz,<img src=StateFlag_Rheinland-Pfalz.svg>,<img src=StateCOA_Rheinland-Pfalz.svg>,161 852,863,187,<img src=DistrictMap_Bad_Kreuznach.png>,<img src=blank_districts_map.png>
9173,Bad Tölz-Wolfratshausen,<img src=COA_Bad_Tölz-Wolfratshausen.svg>,"TÖL, WOR",Bayern,<img src=StateFlag_Bayern.svg>,<img src=StateCOA_Bayern.svg>,130 182,1 110,117,<img src=DistrictMap_Bad_Tölz-Wolfratshausen.png>,<img src=blank_districts_map.png>
9471,Bamberg (Kreis),<img src=COA_Bamberg.svg>,BA,Bayern,<img src=StateFlag_Bayern.svg>,<img src=StateCOA_Bayern.svg>,149 823,1 167,128,<img src=DistrictMap_Bamberg_(Kreis).png>,<img src=blank_districts_map.png>
12060,Barnim,<img src=COA_Barnim.svg>,"BAR, BER, EW",Brandenburg,<img src=StateFlag_Brandenburg.svg>,<img src=StateCOA_Brandenburg.svg>,193 050,1 479,130,<img src=DistrictMap_Barnim.png>,<img src=blank_districts_map.png>
14625,Bautzen,<img src=COA_Bautzen.svg>,"BZ, BIW, HY, KM",Sachsen,<img src=StateFlag_Sachsen.svg>,<img src=StateCOA_Sachsen.svg>,296 506,2 395,124,<img src=DistrictMap_Bautzen.png>,<img src=blank_districts_map.png>
9472,Bayreuth (Kreis),<img src=COA_Bayreuth.svg>,"BT, EBS, ESB, KEM, MÜB, PEG",Bayern,<img src=StateFlag_Bayern.svg>,<img src=StateCOA_Bayern.svg>,104 843,1 273,82,<img src=DistrictMap_Bayreuth_(Kreis).png>,<img src=blank_districts_map.png>
9172,Berchtesgadener Land,<img src=COA_Berchtesgadener_Land.svg>,"BGL, BGD, LF, REI",Bayern,<img src=StateFlag_Bayern.svg>,<img src=StateCOA_Bayern.svg>,108 315,839,129,<img src=DistrictMap_Berchtesgadener_Land.png>,<img src=blank_districts_map.png>
6431,Bergstraße,<img src=COA_Bergstraße.svg>,HP,Hessen,<img src=StateFlag_Hessen.svg>,<img src=StateCOA_Hessen.svg>,274 484,719,381,<img src=DistrictMap_Bergstraße.png>,<img src=blank_districts_map.png>
7231,Bernkastel-Wittlich,<img src=COA_Bernkastel-Wittlich.svg>,"WIL, BKS",Rheinland-Pfalz,<img src=StateFlag_Rheinland-Pfalz.svg>,<img src=StateCOA_Rheinland-Pfalz.svg>,115 083,1 167,99,<img src=DistrictMap_Bernkastel-Wittlich.png>,<img src=blank_districts_map.png>
8426,Biberach,<img src=COA_Biberach.svg>,BC,Baden-Württemberg,<img src=StateFlag_Baden-Württemberg.svg>,<img src=StateCOA_Baden-Württemberg.svg>,208 203,1 409,148,<img src=DistrictMap_Biberach.png>,<img src=blank_districts_map.png>
7134,Birkenfeld,<img src=COA_Birkenfeld.svg>,BIR,Rheinland-Pfalz,<img src=StateFlag_Rheinland-Pfalz.svg>,<img src=StateCOA_Rheinland-Pfalz.svg>,81 918,776,105,<img src=DistrictMap_Birkenfeld.png>,<img src=blank_districts_map.png>
8115,Böblingen,<img src=COA_Böblingen.svg>,"BB, LEO",Baden-Württemberg,<img src=StateFlag_Baden-Württemberg.svg>,<img src=StateCOA_Baden-Württemberg.svg>,401 318,617,650,<img src=DistrictMap_Böblingen.png>,<img src=blank_districts_map.png>
8435,Bodenseekreis,<img src=COA_Bodenseekreis.svg>,"FN, TT, ÜB",Baden-Württemberg,<img src=StateFlag_Baden-Württemberg.svg>,<img src=StateCOA_Baden-Württemberg.svg>,224 200,664,337,<img src=DistrictMap_Bodenseekreis.png>,<img src=blank_districts_map.png>
15083,Börde,<img src=COA_Börde.svg>,"BK, BÖ, HDL, OC, OK, WMS, WZL",Sachsen-Anhalt,<img src=StateFlag_Sachsen-Anhalt.svg>,<img src=StateCOA_Sachsen-Anhalt.svg>,168 593,2 367,71,<img src=DistrictMap_Börde.png>,<img src=blank_districts_map.png>
5554,Borken,<img src=COA_Borken.svg>,"BOR, AH, BOH",Nordrhein-Westfalen,<img src=StateFlag_Nordrhein-Westfalen.svg>,<img src=StateCOA_Nordrhein-Westfalen.svg>,379 787,1 420,267,<img src=DistrictMap_Borken.png>,<img src=blank_districts_map.png>
8315,Breisgau-Hochschwarzwald,<img src=COA_Breisgau-Hochschwarzwald.svg>,"FR, MÜL, NEU",Baden-Württemberg,<img src=StateFlag_Baden-Württemberg.svg>,<img src=StateCOA_Baden-Württemberg.svg>,272 194,1 378,197,<img src=DistrictMap_Breisgau-Hochschwarzwald.png>,<img src=blank_districts_map.png>
15084,Burgenlandkreis,<img src=COA_Burgenlandkreis.svg>,"BLK, HHM, NEB, NMB, WSF, ZZ",Sachsen-Anhalt,<img src=StateFlag_Sachsen-Anhalt.svg>,<img src=StateCOA_Sachsen-Anhalt.svg>,175 217,1 414,124,<img src=DistrictMap_Burgenlandkreis.png>,<img src=blank_districts_map.png>
8235,Calw,<img src=COA_Calw.svg>,CW,Baden-Württemberg,<img src=StateFlag_Baden-Württemberg.svg>,<img src=StateCOA_Baden-Württemberg.svg>,163 838,797,205,<img src=DistrictMap_Calw.png>,<img src=blank_districts_map.png>
3351,Celle,<img src=COA_Celle.svg>,CE,Niedersachsen,<img src=StateFlag_Niedersachsen.svg>,<img src=StateCOA_Niedersachsen.svg>,182 352,1 550,118,<img src=DistrictMap_Celle.png>,<img src=blank_districts_map.png>
9372,Cham,<img src=COA_Cham.svg>,"CHA, KÖZ, ROD, WÜM",Bayern,<img src=StateFlag_Bayern.svg>,<img src=StateCOA_Bayern.svg>,130 946,1 526,86,<img src=DistrictMap_Cham.png>,<img src=blank_districts_map.png>
3453,Cloppenburg,<img src=COA_Cloppenburg.svg>,CLP,Niedersachsen,<img src=StateFlag_Niedersachsen.svg>,<img src=StateCOA_Niedersachsen.svg>,178 564,1 420,126,<img src=DistrictMap_Cloppenburg.png>,<img src=blank_districts_map.png>
9473,Coburg (Kreis),<img src=COA_Coburg.svg>,"CO, NEC",Bayern,<img src=StateFlag_Bayern.svg>,<img src=StateCOA_Bayern.svg>,87 259,590,148,<img src=DistrictMap_Coburg_(Kreis).png>,<img src=blank_districts_map.png>
7135,Cochem-Zell,<img src=COA_Cochem-Zell.svg>,"COC, ZEL",Rheinland-Pfalz,<img src=StateFlag_Rheinland-Pfalz.svg>,<img src=StateCOA_Rheinland-Pfalz.svg>,62 669,692,91,<img src=DistrictMap_Cochem-Zell.png>,<img src=blank_districts_map.png>
5558,Coesfeld,<img src=COA_Coesfeld.svg>,"COE, LH",Nordrhein-Westfalen,<img src=StateFlag_Nordrhein-Westfalen.svg>,<img src=StateCOA_Nordrhein-Westfalen.svg>,226 217,1 112,203,<img src=DistrictMap_Coesfeld.png>,<img src=blank_districts_map.png>
3352,Cuxhaven,<img src=COA_Cuxhaven.svg>,CUX,Niedersachsen,<img src=StateFlag_Niedersachsen.svg>,<img src=StateCOA_Niedersachsen.svg>,201 838,2 058,98,<img src=DistrictMap_Cuxhaven.png>,<img src=blank_districts_map.png>
9174,Dachau,<img src=COA_Dachau.svg>,DAH,Bayern,<img src=StateFlag_Bayern.svg>,<img src=StateCOA_Bayern.svg>,157 813,579,272,<img src=DistrictMap_Dachau.png>,<img src=blank_districts_map.png>
12061,Dahme-Spreewald,<img src=COA_Dahme-Spreewald.svg>,"LDS, KW, LC, LN",Brandenburg,<img src=StateFlag_Brandenburg.svg>,<img src=StateCOA_Brandenburg.svg>,180 242,2 274,79,<img src=DistrictMap_Dahme-Spreewald.png>,<img src=blank_districts_map.png>
6432,Darmstadt-Dieburg,<img src=COA_Darmstadt-Dieburg.svg>,"DA, DI",Hessen,<img src=StateFlag_Hessen.svg>,<img src=StateCOA_Hessen.svg>,302 263,658,459,<img src=DistrictMap_Darmstadt-Dieburg.png>,<img src=blank_districts_map.png>
9271,Deggendorf,<img src=COA_Deggendorf.svg>,DEG,Bayern,<img src=StateFlag_Bayern.svg>,<img src=StateCOA_Bayern.svg>,123 129,861,143,<img src=DistrictMap_Deggendorf.png>,<img src=blank_districts_map.png>
3251,Diepholz,<img src=COA_Diepholz.svg>,"DH, SY",Niedersachsen,<img src=StateFlag_Niedersachsen.svg>,<img src=StateCOA_Niedersachsen.svg>,223 832,1 991,112,<img src=DistrictMap_Diepholz.png>,<img src=blank_districts_map.png>
9773,Dillingen an der Donau,<img src=COA_Dillingen_an_der_Donau.svg>,"DLG, WER",Bayern,<img src=StateFlag_Bayern.svg>,<img src=StateCOA_Bayern.svg>,100 141,792,126,<img src=DistrictMap_Dillingen_an_der_Donau.png>,<img src=blank_districts_map.png>
9279,Dingolfing-Landau,<img src=COA_Dingolfing-Landau.svg>,"DGF, LAN",Bayern,<img src=StateFlag_Bayern.svg>,<img src=StateCOA_Bayern.svg>,101 477,877,116,<img src=DistrictMap_Dingolfing-Landau.png>,<img src=blank_districts_map.png>
1051,Dithmarschen,<img src=COA_Dithmarschen.svg>,"HEI, MED",Schleswig-Holstein,<img src=StateFlag_Schleswig-Holstein.svg>,<img src=StateCOA_Schleswig-Holstein.svg>,133 514,1 428,93,<img src=DistrictMap_Dithmarschen.png>,<img src=blank_districts_map.png>
9779,Donau-Ries,<img src=COA_Donau-Ries.svg>,"DON, NÖ",Bayern,<img src=StateFlag_Bayern.svg>,<img src=StateCOA_Bayern.svg>,137 971,1 274,108,<img src=DistrictMap_Donau-Ries.png>,<img src=blank_districts_map.png>
7333,Donnersbergkreis,<img src=COA_Donnersbergkreis.svg>,"KIB, ROK",Rheinland-Pfalz,<img src=StateFlag_Rheinland-Pfalz.svg>,<img src=StateCOA_Rheinland-Pfalz.svg>,76 088,645,118,<img src=DistrictMap_Donnersbergkreis.png>,<img src=blank_districts_map.png>
5358,Düren,<img src=COA_Düren.svg>,"DN, JÜL, MON, SLE",Nordrhein-Westfalen,<img src=StateFlag_Nordrhein-Westfalen.svg>,<img src=StateCOA_Nordrhein-Westfalen.svg>,278 462,941,296,<img src=DistrictMap_Düren.png>,<img src=blank_districts_map.png>
9175,Ebersberg,<img src=COA_Ebersberg.svg>,EBE,Bayern,<img src=StateFlag_Bayern.svg>,<img src=StateCOA_Bayern.svg>,147 559,549,269,<img src=DistrictMap_Ebersberg.png>,<img src=blank_districts_map.png>
16061,Eichsfeld,<img src=COA_Eichsfeld.svg>,"EIC, HIG, WBS",Thüringen,<img src=StateFlag_Thüringen.svg>,<img src=StateCOA_Thüringen.svg>,103 441,991,104,<img src=DistrictMap_Eichsfeld.png>,<img src=blank_districts_map.png>
9176,Eichstätt,<img src=COA_Eichstätt.svg>,EI,Bayern,<img src=StateFlag_Bayern.svg>,<img src=StateCOA_Bayern.svg>,136 565,1 213,113,<img src=DistrictMap_Eichstätt.png>,<img src=blank_districts_map.png>
7232,Eifelkreis Bitburg-Prüm,<img src=COA_Eifelkreis_Bitburg-Prüm.svg>,"BIT, PRÜ",Rheinland-Pfalz,<img src=StateFlag_Rheinland-Pfalz.svg>,<img src=StateCOA_Rheinland-Pfalz.svg>,104 435,1 626,64,<img src=DistrictMap_Eifelkreis_Bitburg-Prüm.png>,<img src=blank_districts_map.png>
12062,Elbe-Elster,<img src=COA_Elbe-Elster.svg>,"EE, FI, LIB",Brandenburg,<img src=StateFlag_Brandenburg.svg>,<img src=StateCOA_Brandenburg.svg>,99 931,1 899,53,<img src=DistrictMap_Elbe-Elster.png>,<img src=blank_districts_map.png>
8316,Emmendingen,<img src=COA_Emmendingen.svg>,EM,Baden-Württemberg,<img src=StateFlag_Baden-Württemberg.svg>,<img src=StateCOA_Baden-Württemberg.svg>,172 392,679,254,<img src=DistrictMap_Emmendingen.png>,<img src=blank_districts_map.png>
3454,Emsland,<img src=COA_Emsland.svg>,EL,Niedersachsen,<img src=StateFlag_Niedersachsen.svg>,<img src=StateCOA_Niedersachsen.svg>,340 280,2 883,118,<img src=DistrictMap_Emsland.png>,<img src=blank_districts_map.png>
5954,Ennepe-Ruhr-Kreis,<img src=COA_Ennepe-Ruhr-Kreis.svg>,"EN, WIT",Nordrhein-Westfalen,<img src=StateFlag_Nordrhein-Westfalen.svg>,<img src=StateCOA_Nordrhein-Westfalen.svg>,315 069,409,769,<img src=DistrictMap_Ennepe-Ruhr-Kreis.png>,<img src=blank_districts_map.png>
8236,Enzkreis,<img src=COA_Enzkreis.svg>,PF,Baden-Württemberg,<img src=StateFlag_Baden-Württemberg.svg>,<img src=StateCOA_Baden-Württemberg.svg>,203 409,573,355,<img src=DistrictMap_Enzkreis.png>,<img src=blank_districts_map.png>
9177,Erding,<img src=COA_Erding.svg>,ED,Bayern,<img src=StateFlag_Bayern.svg>,<img src=StateCOA_Bayern.svg>,142 540,870,164,<img src=DistrictMap_Erding.png>,<img src=blank_districts_map.png>
9572,Erlangen-Höchstadt,<img src=COA_Erlangen-Höchstadt.svg>,"ERH, HÖS",Bayern,<img src=StateFlag_Bayern.svg>,<img src=StateCOA_Bayern.svg>,141 517,564,251,<img src=DistrictMap_Erlangen-Höchstadt.png>,<img src=blank_districts_map.png>
14521,Erzgebirgskreis,<img src=COA_Erzgebirgskreis.svg>,"ERZ, ANA, ASZ, AU, MAB, MEK, STL, SZB, ZP",Sachsen,<img src=StateFlag_Sachsen.svg>,<img src=StateCOA_Sachsen.svg>,326 896,1 827,179,<img src=DistrictMap_Erzgebirgskreis.png>,<img src=blank_districts_map.png>
8116,Esslingen,<img src=COA_Esslingen.svg>,"ES, NT",Baden-Württemberg,<img src=StateFlag_Baden-Württemberg.svg>,<img src=StateCOA_Baden-Württemberg.svg>,542 582,641,846,<img src=DistrictMap_Esslingen.png>,<img src=blank_districts_map.png>
5366,Euskirchen,<img src=COA_Euskirchen.svg>,"EU, SLE",Nordrhein-Westfalen,<img src=StateFlag_Nordrhein-Westfalen.svg>,<img src=StateCOA_Nordrhein-Westfalen.svg>,201 841,1 248,162,<img src=DistrictMap_Euskirchen.png>,<img src=blank_districts_map.png>
9474,Forchheim,<img src=COA_Forchheim.svg>,"FO, EBS, PEG",Bayern,<img src=StateFlag_Bayern.svg>,<img src=StateCOA_Bayern.svg>,118 725,642,185,<img src=DistrictMap_Forchheim.png>,<img src=blank_districts_map.png>
9178,Freising,<img src=COA_Freising.svg>,FS,Bayern,<img src=StateFlag_Bayern.svg>,<img src=StateCOA_Bayern.svg>,186 276,799,233,<img src=DistrictMap_Freising.png>,<img src=blank_districts_map.png>
8237,Freudenstadt,<img src=COA_Freudenstadt.svg>,"FDS, HCH, HOR, WOL",Baden-Württemberg,<img src=StateFlag_Baden-Württemberg.svg>,<img src=StateCOA_Baden-Württemberg.svg>,121 584,870,140,<img src=DistrictMap_Freudenstadt.png>,<img src=blank_districts_map.png>
9272,Freyung-Grafenau,<img src=COA_Freyung-Grafenau.svg>,"FRG, GRA, WOS",Bayern,<img src=StateFlag_Bayern.svg>,<img src=StateCOA_Bayern.svg>,79 603,983,81,<img src=DistrictMap_Freyung-Grafenau.png>,<img src=blank_districts_map.png>
3455,Friesland,<img src=COA_Friesland.svg>,FRI,Niedersachsen,<img src=StateFlag_Niedersachsen.svg>,<img src=StateCOA_Niedersachsen.svg>,100 630,609,165,<img src=DistrictMap_Friesland.png>,<img src=blank_districts_map.png>
6631,Fulda,<img src=COA_Fulda.svg>,FD,Hessen,<img src=StateFlag_Hessen.svg>,<img src=StateCOA_Hessen.svg>,222 688,1 380,161,<img src=DistrictMap_Fulda.png>,<img src=blank_districts_map.png>
9179,Fürstenfeldbruck,<img src=COA_Fürstenfeldbruck.svg>,FFB,Bayern,<img src=StateFlag_Bayern.svg>,<img src=StateCOA_Bayern.svg>,222 932,434,513,<img src=DistrictMap_Fürstenfeldbruck.png>,<img src=blank_districts_map.png>
9573,Fürth (Kreis),<img src=COA_Fürth.svg>,FÜ,Bayern,<img src=StateFlag_Bayern.svg>,<img src=StateCOA_Bayern.svg>,119 826,307,390,<img src=DistrictMap_Fürth_(Kreis).png>,<img src=blank_districts_map.png>
9180,Garmisch-Partenkirchen,<img src=COA_Garmisch-Partenkirchen.svg>,GAP,Bayern,<img src=StateFlag_Bayern.svg>,<img src=StateCOA_Bayern.svg>,88 748,1 012,88,<img src=DistrictMap_Garmisch-Partenkirchen.png>,<img src=blank_districts_map.png>
7334,Germersheim,<img src=COA_Germersheim.svg>,GER,Rheinland-Pfalz,<img src=StateFlag_Rheinland-Pfalz.svg>,<img src=StateCOA_Rheinland-Pfalz.svg>,131 492,463,284,<img src=DistrictMap_Germersheim.png>,<img src=blank_districts_map.png>
6531,Gießen,<img src=COA_Gießen.svg>,GI,Hessen,<img src=StateFlag_Hessen.svg>,<img src=StateCOA_Hessen.svg>,268 141,854,314,<img src=DistrictMap_Gießen.png>,<img src=blank_districts_map.png>
3151,Gifhorn,<img src=COA_Gifhorn.svg>,GF,Niedersachsen,<img src=StateFlag_Niedersachsen.svg>,<img src=StateCOA_Niedersachsen.svg>,180 679,1 567,115,<img src=DistrictMap_Gifhorn.png>,<img src=blank_districts_map.png>
8117,Göppingen,<img src=COA_Göppingen.svg>,GP,Baden-Württemberg,<img src=StateFlag_Baden-Württemberg.svg>,<img src=StateCOA_Baden-Württemberg.svg>,263 706,642,411,<img src=DistrictMap_Göppingen.png>,<img src=blank_districts_map.png>
14626,Görlitz,<img src=COA_Görlitz.svg>,"GR, LÖB, NOL, NY, WSW, ZI",Sachsen,<img src=StateFlag_Sachsen.svg>,<img src=StateCOA_Sachsen.svg>,248 479,2 111,118,<img src=DistrictMap_Görlitz.png>,<img src=blank_districts_map.png>
3153,Goslar,<img src=COA_Goslar.svg>,"GS, BRL, CLZ",Niedersachsen,<img src=StateFlag_Niedersachsen.svg>,<img src=StateCOA_Niedersachsen.svg>,134 485,966,139,<img src=DistrictMap_Goslar.png>,<img src=blank_districts_map.png>
16067,Gotha,<img src=COA_Gotha.svg>,GTH,Thüringen,<img src=StateFlag_Thüringen.svg>,<img src=StateCOA_Thüringen.svg>,134 472,936,144,<img src=DistrictMap_Gotha.png>,<img src=blank_districts_map.png>
3159,Göttingen,<img src=COA_Göttingen.svg>,"GÖ, DUD, HMÜ, OHA",Niedersachsen,<img src=StateFlag_Niedersachsen.svg>,<img src=StateCOA_Niedersachsen.svg>,328 952,1 755,187,<img src=DistrictMap_Göttingen.png>,<img src=blank_districts_map.png>
3456,Grafschaft Bentheim,<img src=COA_Grafschaft_Bentheim.svg>,NOH,Niedersachsen,<img src=StateFlag_Niedersachsen.svg>,<img src=StateCOA_Niedersachsen.svg>,141 946,981,145,<img src=DistrictMap_Grafschaft_Bentheim.png>,<img src=blank_districts_map.png>
16076,Greiz,<img src=COA_Greiz.svg>,"GRZ, ZR",Thüringen,<img src=StateFlag_Thüringen.svg>,<img src=StateCOA_Thüringen.svg>,95 563,845,113,<img src=DistrictMap_Greiz.png>,<img src=blank_districts_map.png>
6433,Groß-Gerau,<img src=COA_Groß-Gerau.svg>,GG,Hessen,<img src=StateFlag_Hessen.svg>,<img src=StateCOA_Hessen.svg>,267 920,453,591,<img src=DistrictMap_Groß-Gerau.png>,<img src=blank_districts_map.png>
9774,Günzburg,<img src=COA_Günzburg.svg>,"GZ, KRU",Bayern,<img src=StateFlag_Bayern.svg>,<img src=StateCOA_Bayern.svg>,131 375,762,172,<img src=DistrictMap_Günzburg.png>,<img src=blank_districts_map.png>
5754,Gütersloh,<img src=COA_Gütersloh.svg>,GT,Nordrhein-Westfalen,<img src=StateFlag_Nordrhein-Westfalen.svg>,<img src=StateCOA_Nordrhein-Westfalen.svg>,363 674,969,375,<img src=DistrictMap_Gütersloh.png>,<img src=blank_districts_map.png>
3252,Hameln-Pyrmont,<img src=COA_Hameln-Pyrmont.svg>,HM,Niedersachsen,<img src=StateFlag_Niedersachsen.svg>,<img src=StateCOA_Niedersachsen.svg>,150 377,797,189,<img src=DistrictMap_Hameln-Pyrmont.png>,<img src=blank_districts_map.png>
3241,Region Hannover,<img src=COA_Region_Hannover.svg>,H,Niedersachsen,<img src=StateFlag_Niedersachsen.svg>,<img src=StateCOA_Niedersachsen.svg>,1 177 676,2 297,513,<img src=DistrictMap_Region_Hannover.png>,<img src=blank_districts_map.png>
3353,Harburg,<img src=COA_Harburg.svg>,WL,Niedersachsen,<img src=StateFlag_Niedersachsen.svg>,<img src=StateCOA_Niedersachsen.svg>,263 616,1 248,211,<img src=DistrictMap_Harburg.png>,<img src=blank_districts_map.png>
15085,Harz,<img src=COA_Harz.svg>,"HZ, HBS, QLB, WR",Sachsen-Anhalt,<img src=StateFlag_Sachsen-Anhalt.svg>,<img src=StateCOA_Sachsen-Anhalt.svg>,207 134,2 104,98,<img src=DistrictMap_Harz.png>,<img src=blank_districts_map.png>
9674,Haßberge,<img src=COA_Haßberge.svg>,"HAS, EBN, GEO, HOH",Bayern,<img src=StateFlag_Bayern.svg>,<img src=StateCOA_Bayern.svg>,85 371,956,89,<img src=DistrictMap_Haßberge.png>,<img src=blank_districts_map.png>
12063,Havelland,<img src=COA_Havelland.svg>,"HVL, NAU, RN",Brandenburg,<img src=StateFlag_Brandenburg.svg>,<img src=StateCOA_Brandenburg.svg>,170 556,1 727,99,<img src=DistrictMap_Havelland.png>,<img src=blank_districts_map.png>
3358,Heidekreis,<img src=COA_Heidekreis.svg>,HK,Niedersachsen,<img src=StateFlag_Niedersachsen.svg>,<img src=StateCOA_Niedersachsen.svg>,143 220,1 881,76,<img src=DistrictMap_Heidekreis.png>,<img src=blank_districts_map.png>
8135,Heidenheim,<img src=COA_Heidenheim.svg>,HDH,Baden-Württemberg,<img src=StateFlag_Baden-Württemberg.svg>,<img src=StateCOA_Baden-Württemberg.svg>,135 470,627,216,<img src=DistrictMap_Heidenheim.png>,<img src=blank_districts_map.png>
8125,Heilbronn (Kreis),<img src=COA_Heilbronn.svg>,HN,Baden-Württemberg,<img src=StateFlag_Baden-Württemberg.svg>,<img src=StateCOA_Baden-Württemberg.svg>,355 359,1 099,323,<img src=DistrictMap_Heilbronn_(Kreis).png>,<img src=blank_districts_map.png>
5370,Heinsberg,<img src=COA_Heinsberg.svg>,"HS, ERK, GK",Nordrhein-Westfalen,<img src=StateFlag_Nordrhein-Westfalen.svg>,<img src=StateCOA_Nordrhein-Westfalen.svg>,262 149,627,417,<img src=DistrictMap_Heinsberg.png>,<img src=blank_districts_map.png>
3154,Helmstedt,<img src=COA_Helmstedt.svg>,HE,Niedersachsen,<img src=StateFlag_Niedersachsen.svg>,<img src=StateCOA_Niedersachsen.svg>,92 123,676,136,<img src=DistrictMap_Helmstedt.png>,<img src=blank_districts_map.png>
5758,Herford,<img src=COA_Herford.svg>,HF,Nordrhein-Westfalen,<img src=StateFlag_Nordrhein-Westfalen.svg>,<img src=StateCOA_Nordrhein-Westfalen.svg>,254 593,450,565,<img src=DistrictMap_Herford.png>,<img src=blank_districts_map.png>
6632,Hersfeld-Rotenburg,<img src=COA_Hersfeld-Rotenburg.svg>,"HEF, ROF",Hessen,<img src=StateFlag_Hessen.svg>,<img src=StateCOA_Hessen.svg>,118 010,1 097,108,<img src=DistrictMap_Hersfeld-Rotenburg.png>,<img src=blank_districts_map.png>
1053,Herzogtum Lauenburg,<img src=COA_Herzogtum_Lauenburg.svg>,RZ,Schleswig-Holstein,<img src=StateFlag_Schleswig-Holstein.svg>,<img src=StateCOA_Schleswig-Holstein.svg>,205 445,1 263,163,<img src=DistrictMap_Herzogtum_Lauenburg.png>,<img src=blank_districts_map.png>
16069,Hildburghausen,<img src=COA_Hildburghausen.svg>,HBN,Thüringen,<img src=StateFlag_Thüringen.svg>,<img src=StateCOA_Thüringen.svg>,61 329,938,65,<img src=DistrictMap_Hildburghausen.png>,<img src=blank_districts_map.png>
3254,Hildesheim,<img src=COA_Hildesheim.svg>,"HI, ALF",Niedersachsen,<img src=StateFlag_Niedersachsen.svg>,<img src=StateCOA_Niedersachsen.svg>,278 571,1 208,231,<img src=DistrictMap_Hildesheim.png>,<img src=blank_districts_map.png>
5958,Hochsauerlandkreis,<img src=COA_Hochsauerlandkreis.svg>,HSK,Nordrhein-Westfalen,<img src=StateFlag_Nordrhein-Westfalen.svg>,<img src=StateCOA_Nordrhein-Westfalen.svg>,261 193,1 960,133,<img src=DistrictMap_Hochsauerlandkreis.png>,<img src=blank_districts_map.png>
6434,Hochtaunuskreis,<img src=COA_Hochtaunuskreis.svg>,"HG, USI",Hessen,<img src=StateFlag_Hessen.svg>,<img src=StateCOA_Hessen.svg>,240 622,481,499,<img src=DistrictMap_Hochtaunuskreis.png>,<img src=blank_districts_map.png>
9475,Hof (Kreis),<img src=COA_Hof.svg>,"HO, MÜB, NAI, REH, SAN",Bayern,<img src=StateFlag_Bayern.svg>,<img src=StateCOA_Bayern.svg>,94 333,892,106,<img src=DistrictMap_Hof_(Kreis).png>,<img src=blank_districts_map.png>
8126,Hohenlohekreis,<img src=COA_Hohenlohekreis.svg>,"KÜN, ÖHR",Baden-Württemberg,<img src=StateFlag_Baden-Württemberg.svg>,<img src=StateCOA_Baden-Württemberg.svg>,115 796,776,149,<img src=DistrictMap_Hohenlohekreis.png>,<img src=blank_districts_map.png>
3255,Holzminden,<img src=COA_Holzminden.svg>,HOL,Niedersachsen,<img src=StateFlag_Niedersachsen.svg>,<img src=StateCOA_Niedersachsen.svg>,70 706,694,102,<img src=DistrictMap_Holzminden.png>,<img src=blank_districts_map.png>
5762,Höxter,<img src=COA_Höxter.svg>,"HX, WAR",Nordrhein-Westfalen,<img src=StateFlag_Nordrhein-Westfalen.svg>,<img src=StateCOA_Nordrhein-Westfalen.svg>,139 042,1 201,116,<img src=DistrictMap_Höxter.png>,<img src=blank_districts_map.png>
16070,Ilm-Kreis,<img src=COA_Ilm-Kreis.svg>,"IK, ARN, IL",Thüringen,<img src=StateFlag_Thüringen.svg>,<img src=StateCOA_Thüringen.svg>,106 775,805,133,<img src=DistrictMap_Ilm-Kreis.png>,<img src=blank_districts_map.png>
15086,Jerichower Land,<img src=COA_Jerichower_Land.svg>,"JL, BRG, GNT",Sachsen-Anhalt,<img src=StateFlag_Sachsen-Anhalt.svg>,<img src=StateCOA_Sachsen-Anhalt.svg>,88 695,1 577,56,<img src=DistrictMap_Jerichower_Land.png>,<img src=blank_districts_map.png>
7335,Kaiserslautern (Kreis),<img src=COA_Kaiserslautern.svg>,KL,Rheinland-Pfalz,<img src=StateFlag_Rheinland-Pfalz.svg>,<img src=StateCOA_Rheinland-Pfalz.svg>,108 540,639,170,<img src=DistrictMap_Kaiserslautern_(Kreis).png>,<img src=blank_districts_map.png>
8215,Karlsruhe (Kreis),<img src=COA_Karlsruhe.svg>,"KA, BR",Baden-Württemberg,<img src=StateFlag_Baden-Württemberg.svg>,<img src=StateCOA_Baden-Württemberg.svg>,456 392,1 084,421,<img src=DistrictMap_Karlsruhe_(Kreis).png>,<img src=blank_districts_map.png>
6633,Kassel (Kreis),<img src=COA_Kassel.svg>,"KS, HOG, WOH",Hessen,<img src=StateFlag_Hessen.svg>,<img src=StateCOA_Hessen.svg>,230 742,1 293,178,<img src=DistrictMap_Kassel_(Kreis).png>,<img src=blank_districts_map.png>
9273,Kelheim,<img src=COA_Kelheim.svg>,"KEH, MAI, PAR, RID, ROL",Bayern,<img src=StateFlag_Bayern.svg>,<img src=StateCOA_Bayern.svg>,126 539,1 065,119,<img src=DistrictMap_Kelheim.png>,<img src=blank_districts_map.png>
9675,Kitzingen,<img src=COA_Kitzingen.svg>,KT,Bayern,<img src=StateFlag_Bayern.svg>,<img src=StateCOA_Bayern.svg>,93 818,684,137,<img src=DistrictMap_Kitzingen.png>,<img src=blank_districts_map.png>
5154,Kleve,<img src=COA_Kleve.svg>,"KLE, GEL",Nordrhein-Westfalen,<img src=StateFlag_Nordrhein-Westfalen.svg>,<img src=StateCOA_Nordrhein-Westfalen.svg>,319 928,1 232,259,<img src=DistrictMap_Kleve.png>,<img src=blank_districts_map.png>
8335,Konstanz,<img src=COA_Konstanz.svg>,"KN, STO (BÜS)",Baden-Württemberg,<img src=StateFlag_Baden-Württemberg.svg>,<img src=StateCOA_Baden-Württemberg.svg>,294 176,817,360,<img src=DistrictMap_Konstanz.png>,<img src=blank_districts_map.png>
9476,Kronach,<img src=COA_Kronach.svg>,"KC, SAN",Bayern,<img src=StateFlag_Bayern.svg>,<img src=StateCOA_Bayern.svg>,66 294,651,102,<img src=DistrictMap_Kronach.png>,<img src=blank_districts_map.png>
9477,Kulmbach,<img src=COA_Kulmbach.svg>,"KU, EBS, SAN",Bayern,<img src=StateFlag_Bayern.svg>,<img src=StateCOA_Bayern.svg>,71 956,658,109,<img src=DistrictMap_Kulmbach.png>,<img src=blank_districts_map.png>
7336,Kusel,<img src=COA_Kusel.svg>,KUS,Rheinland-Pfalz,<img src=StateFlag_Rheinland-Pfalz.svg>,<img src=StateCOA_Rheinland-Pfalz.svg>,71 140,573,124,<img src=DistrictMap_Kusel.png>,<img src=blank_districts_map.png>
16065,Kyffhäuserkreis,<img src=COA_Kyffhäuserkreis.svg>,"KYF, ART, SDH",Thüringen,<img src=StateFlag_Thüringen.svg>,<img src=StateCOA_Thüringen.svg>,73 216,1 037,71,<img src=DistrictMap_Kyffhäuserkreis.png>,<img src=blank_districts_map.png>
6532,Lahn-Dill-Kreis,<img src=COA_Lahn-Dill-Kreis.svg>,"LDK, DIL, WZ",Hessen,<img src=StateFlag_Hessen.svg>,<img src=StateCOA_Hessen.svg>,254 444,1 066,239,<img src=DistrictMap_Lahn-Dill-Kreis.png>,<img src=blank_districts_map.png>
9181,Landsberg am Lech,<img src=COA_Landsberg_am_Lech.svg>,LL,Bayern,<img src=StateFlag_Bayern.svg>,<img src=StateCOA_Bayern.svg>,124 311,804,155,<img src=DistrictMap_Landsberg_am_Lech.png>,<img src=blank_districts_map.png>
9274,Landshut (Kreis),<img src=COA_Landshut.svg>,"LA, MAI, MAL, ROL, VIB",Bayern,<img src=StateFlag_Bayern.svg>,<img src=StateCOA_Bayern.svg>,165 608,1 347,123,<img src=DistrictMap_Landshut_(Kreis).png>,<img src=blank_districts_map.png>
3457,Leer,<img src=COA_Leer.svg>,LER,Niedersachsen,<img src=StateFlag_Niedersachsen.svg>,<img src=StateCOA_Niedersachsen.svg>,173 924,1 085,160,<img src=DistrictMap_Leer.png>,<img src=blank_districts_map.png>
14729,Leipzig (Kreis),<img src=COA_Leipzig.svg>,"L, BNA, GHA, GRM, MTL, WUR",Sachsen,<img src=StateFlag_Sachsen.svg>,<img src=StateCOA_Sachsen.svg>,261 573,1 651,158,<img src=DistrictMap_Leipzig_(Kreis).png>,<img src=blank_districts_map.png>
9478,Lichtenfels,<img src=COA_Lichtenfels.svg>,"LIF, STE",Bayern,<img src=StateFlag_Bayern.svg>,<img src=StateCOA_Bayern.svg>,67 555,519,130,<img src=DistrictMap_Lichtenfels.png>,<img src=blank_districts_map.png>
6533,Limburg-Weilburg,<img src=COA_Limburg-Weilburg.svg>,"LM, WEL",Hessen,<img src=StateFlag_Hessen.svg>,<img src=StateCOA_Hessen.svg>,174 281,738,236,<img src=DistrictMap_Limburg-Weilburg.png>,<img src=blank_districts_map.png>
9776,Lindau (Bodensee),<img src=COA_Lindau_(Bodensee).svg>,LI,Bayern,<img src=StateFlag_Bayern.svg>,<img src=StateCOA_Bayern.svg>,83 671,323,259,<img src=DistrictMap_Lindau_(Bodensee).png>,<img src=blank_districts_map.png>
5766,Lippe,<img src=COA_Lippe.svg>,LIP,Nordrhein-Westfalen,<img src=StateFlag_Nordrhein-Westfalen.svg>,<img src=StateCOA_Nordrhein-Westfalen.svg>,347 613,1 246,279,<img src=DistrictMap_Lippe.png>,<img src=blank_districts_map.png>
8336,Lörrach,<img src=COA_Lörrach.svg>,LÖ,Baden-Württemberg,<img src=StateFlag_Baden-Württemberg.svg>,<img src=StateCOA_Baden-Württemberg.svg>,234 909,806,291,<img src=DistrictMap_Lörrach.png>,<img src=blank_districts_map.png>
3354,Lüchow-Dannenberg,<img src=COA_Lüchow-Dannenberg.svg>,DAN,Niedersachsen,<img src=StateFlag_Niedersachsen.svg>,<img src=StateCOA_Niedersachsen.svg>,49 209,1 227,40,<img src=DistrictMap_Lüchow-Dannenberg.png>,<img src=blank_districts_map.png>
8118,Ludwigsburg,<img src=COA_Ludwigsburg.svg>,"LB, VAI",Baden-Württemberg,<img src=StateFlag_Baden-Württemberg.svg>,<img src=StateCOA_Baden-Württemberg.svg>,553 689,686,806,<img src=DistrictMap_Ludwigsburg.png>,<img src=blank_districts_map.png>
13076,Ludwigslust-Parchim,<img src=COA_Ludwigslust-Parchim.svg>,"LUP, HGN, LBZ, LWL, PCH, STB",Mecklenburg-Vorpommern,<img src=StateFlag_Mecklenburg-Vorpommern.svg>,<img src=StateCOA_Mecklenburg-Vorpommern.svg>,214 057,4 766,45,<img src=DistrictMap_Ludwigslust-Parchim.png>,<img src=blank_districts_map.png>
3355,Lüneburg,<img src=COA_Lüneburg.svg>,LG,Niedersachsen,<img src=StateFlag_Niedersachsen.svg>,<img src=StateCOA_Niedersachsen.svg>,188 859,1 327,142,<img src=DistrictMap_Lüneburg.png>,<img src=blank_districts_map.png>
6435,Main-Kinzig-Kreis,<img src=COA_Main-Kinzig-Kreis.svg>,"MKK, HU, GN, SLÜ",Hessen,<img src=StateFlag_Hessen.svg>,<img src=StateCOA_Hessen.svg>,419 055,1 397,300,<img src=DistrictMap_Main-Kinzig-Kreis.png>,<img src=blank_districts_map.png>
9677,Main-Spessart,<img src=COA_Main-Spessart.svg>,MSP,Bayern,<img src=StateFlag_Bayern.svg>,<img src=StateCOA_Bayern.svg>,127 642,1 321,97,<img src=DistrictMap_Main-Spessart.png>,<img src=blank_districts_map.png>
8128,Main-Tauber-Kreis,<img src=COA_Main-Tauber-Kreis.svg>,"TBB, MGH",Baden-Württemberg,<img src=StateFlag_Baden-Württemberg.svg>,<img src=StateCOA_Baden-Württemberg.svg>,135 371,1 304,104,<img src=DistrictMap_Main-Tauber-Kreis.png>,<img src=blank_districts_map.png>
6436,Main-Taunus-Kreis,<img src=COA_Main-Taunus-Kreis.svg>,MTK,Hessen,<img src=StateFlag_Hessen.svg>,<img src=StateCOA_Hessen.svg>,238 593,222,1072,<img src=DistrictMap_Main-Taunus-Kreis.png>,<img src=blank_districts_map.png>
7339,Mainz-Bingen,<img src=COA_Mainz-Bingen.svg>,"MZ, BIN",Rheinland-Pfalz,<img src=StateFlag_Rheinland-Pfalz.svg>,<img src=StateCOA_Rheinland-Pfalz.svg>,215 286,605,356,<img src=DistrictMap_Mainz-Bingen.png>,<img src=blank_districts_map.png>
15087,Mansfeld-Südharz,<img src=COA_Mansfeld-Südharz.svg>,"MSH, EIL, HET, ML, SGH",Sachsen-Anhalt,<img src=StateFlag_Sachsen-Anhalt.svg>,<img src=StateCOA_Sachsen-Anhalt.svg>,130 162,1 449,90,<img src=DistrictMap_Mansfeld-Südharz.png>,<img src=blank_districts_map.png>
6534,Marburg-Biedenkopf,<img src=COA_Marburg-Biedenkopf.svg>,"MR, BID",Hessen,<img src=StateFlag_Hessen.svg>,<img src=StateCOA_Hessen.svg>,243 093,1 262,193,<img src=DistrictMap_Marburg-Biedenkopf.png>,<img src=blank_districts_map.png>
5962,Märkischer Kreis,<img src=COA_Märkischer_Kreis.svg>,MK,Nordrhein-Westfalen,<img src=StateFlag_Nordrhein-Westfalen.svg>,<img src=StateCOA_Nordrhein-Westfalen.svg>,408 899,1 061,385,<img src=DistrictMap_Märkischer_Kreis.png>,<img src=blank_districts_map.png>
12064,Märkisch-Oderland,<img src=COA_Märkisch-Oderland.svg>,"MOL, FRW, SEE, SRB",Brandenburg,<img src=StateFlag_Brandenburg.svg>,<img src=StateCOA_Brandenburg.svg>,201 111,2 158,93,<img src=DistrictMap_Märkisch-Oderland.png>,<img src=blank_districts_map.png>
7137,Mayen-Koblenz,<img src=COA_Mayen-Koblenz.svg>,"MYK, MY",Rheinland-Pfalz,<img src=StateFlag_Rheinland-Pfalz.svg>,<img src=StateCOA_Rheinland-Pfalz.svg>,219 001,817,268,<img src=DistrictMap_Mayen-Koblenz.png>,<img src=blank_districts_map.png>
13071,Mecklenburgische Seenplatte,<img src=COA_Mecklenburgische_Seenplatte.svg>,"MSE, AT, DM, MC, MST, MÜR, NZ, RM, WRN, (NB)",Mecklenburg-Vorpommern,<img src=StateFlag_Mecklenburg-Vorpommern.svg>,<img src=StateCOA_Mecklenburg-Vorpommern.svg>,259 312,5 495,47,<img src=DistrictMap_Mecklenburgische_Seenplatte.png>,<img src=blank_districts_map.png>
14627,Meißen,<img src=COA_Meißen.svg>,"MEI, GRH, RG, RIE",Sachsen,<img src=StateFlag_Sachsen.svg>,<img src=StateCOA_Sachsen.svg>,241 160,1 454,166,<img src=DistrictMap_Meißen.png>,<img src=blank_districts_map.png>
10042,Merzig-Wadern,<img src=COA_Merzig-Wadern.svg>,MZG,Saarland,<img src=StateFlag_Saarland.svg>,<img src=StateCOA_Saarland.svg>,109 336,556,196,<img src=DistrictMap_Merzig-Wadern.png>,<img src=blank_districts_map.png>
5158,Mettmann,<img src=COA_Mettmann.svg>,ME,Nordrhein-Westfalen,<img src=StateFlag_Nordrhein-Westfalen.svg>,<img src=StateCOA_Nordrhein-Westfalen.svg>,489 760,407,1203,<img src=DistrictMap_Mettmann.png>,<img src=blank_districts_map.png>
9182,Miesbach,<img src=COA_Miesbach.svg>,MB,Bayern,<img src=StateFlag_Bayern.svg>,<img src=StateCOA_Bayern.svg>,101 451,866,117,<img src=DistrictMap_Miesbach.png>,<img src=blank_districts_map.png>
9676,Miltenberg,<img src=COA_Miltenberg.svg>,"MIL, OBB",Bayern,<img src=StateFlag_Bayern.svg>,<img src=StateCOA_Bayern.svg>,130 363,715,182,<img src=DistrictMap_Miltenberg.png>,<img src=blank_districts_map.png>
5770,Minden-Lübbecke,<img src=COA_Minden-Lübbecke.svg>,MI,Nordrhein-Westfalen,<img src=StateFlag_Nordrhein-Westfalen.svg>,<img src=StateCOA_Nordrhein-Westfalen.svg>,320 925,1 152,278,<img src=DistrictMap_Minden-Lübbecke.png>,<img src=blank_districts_map.png>
14522,Mittelsachsen,<img src=COA_Mittelsachsen.svg>,"FG, BED, DL, FLÖ, HC, MW, RL",Sachsen,<img src=StateFlag_Sachsen.svg>,<img src=StateCOA_Sachsen.svg>,300 308,2 116,142,<img src=DistrictMap_Mittelsachsen.png>,<img src=blank_districts_map.png>
9183,Mühldorf am Inn,<img src=COA_Mühldorf_am_Inn.svg>,"MÜ, VIB, WS",Bayern,<img src=StateFlag_Bayern.svg>,<img src=StateCOA_Bayern.svg>,120 732,805,150,<img src=DistrictMap_Mühldorf_am_Inn.png>,<img src=blank_districts_map.png>
9184,München (Kreis),<img src=COA_München.svg>,"M, AIB, WOR",Bayern,<img src=StateFlag_Bayern.svg>,<img src=StateCOA_Bayern.svg>,358 480,664,540,<img src=DistrictMap_München_(Kreis).png>,<img src=blank_districts_map.png>
8225,Neckar-Odenwald-Kreis,<img src=COA_Neckar-Odenwald-Kreis.svg>,"MOS, BCH",Baden-Württemberg,<img src=StateFlag_Baden-Württemberg.svg>,<img src=StateCOA_Baden-Württemberg.svg>,146 070,1 125,130,<img src=DistrictMap_Neckar-Odenwald-Kreis.png>,<img src=blank_districts_map.png>
9775,Neu-Ulm,<img src=COA_Neu-Ulm.svg>,"NU, ILL",Bayern,<img src=StateFlag_Bayern.svg>,<img src=StateCOA_Bayern.svg>,182 600,515,354,<img src=DistrictMap_Neu-Ulm.png>,<img src=blank_districts_map.png>
9185,Neuburg-Schrobenhausen,<img src=COA_Neuburg-Schrobenhausen.svg>,"ND, SOB",Bayern,<img src=StateFlag_Bayern.svg>,<img src=StateCOA_Bayern.svg>,101 109,739,137,<img src=DistrictMap_Neuburg-Schrobenhausen.png>,<img src=blank_districts_map.png>
9373,Neumarkt in der Oberpfalz,<img src=COA_Neumarkt_in_der_Oberpfalz.svg>,"NM, PAR",Bayern,<img src=StateFlag_Bayern.svg>,<img src=StateCOA_Bayern.svg>,139 277,1 343,104,<img src=DistrictMap_Neumarkt_in_der_Oberpfalz.png>,<img src=blank_districts_map.png>
10043,Neunkirchen,<img src=COA_Neunkirchen.svg>,"NK, OTW",Saarland,<img src=StateFlag_Saarland.svg>,<img src=StateCOA_Saarland.svg>,133 667,249,535,<img src=DistrictMap_Neunkirchen.png>,<img src=blank_districts_map.png>
9575,Neustadt an der Aisch-Bad Windsheim,<img src=COA_Neustadt_an_der_Aisch-Bad_Windsheim.svg>,"NEA, SEF, UFF",Bayern,<img src=StateFlag_Bayern.svg>,<img src=StateCOA_Bayern.svg>,103 654,1 267,82,<img src=DistrictMap_Neustadt_an_der_Aisch-Bad_Windsheim.png>,<img src=blank_districts_map.png>
9374,Neustadt an der Waldnaab,<img src=COA_Neustadt_an_der_Waldnaab.svg>,"NEW, ESB, VOH",Bayern,<img src=StateFlag_Bayern.svg>,<img src=StateCOA_Bayern.svg>,96 400,1 427,68,<img src=DistrictMap_Neustadt_an_der_Waldnaab.png>,<img src=blank_districts_map.png>
7138,Neuwied,<img src=COA_Neuwied.svg>,NR,Rheinland-Pfalz,<img src=StateFlag_Rheinland-Pfalz.svg>,<img src=StateCOA_Rheinland-Pfalz.svg>,188 139,627,300,<img src=DistrictMap_Neuwied.png>,<img src=blank_districts_map.png>
3256,Nienburg-Weser,<img src=COA_Nienburg-Weser.svg>,NI,Niedersachsen,<img src=StateFlag_Niedersachsen.svg>,<img src=StateCOA_Niedersachsen.svg>,123 888,1 400,88,<img src=DistrictMap_Nienburg-Weser.png>,<img src=blank_districts_map.png>
1054,Nordfriesland,<img src=COA_Nordfriesland.svg>,NF,Schleswig-Holstein,<img src=StateFlag_Schleswig-Holstein.svg>,<img src=StateCOA_Schleswig-Holstein.svg>,170 048,2 083,82,<img src=DistrictMap_Nordfriesland.png>,<img src=blank_districts_map.png>
16062,Nordhausen,<img src=COA_Nordhausen.svg>,NDH,Thüringen,<img src=StateFlag_Thüringen.svg>,<img src=StateCOA_Thüringen.svg>,82 179,712,115,<img src=DistrictMap_Nordhausen.png>,<img src=blank_districts_map.png>
14730,Nordsachsen,<img src=COA_Nordsachsen.svg>,"TDO, DZ, EB, OZ, TG, TO",Sachsen,<img src=StateFlag_Sachsen.svg>,<img src=StateCOA_Sachsen.svg>,199 688,2 028,98,<img src=DistrictMap_Nordsachsen.png>,<img src=blank_districts_map.png>
13074,Nordwestmecklenburg,<img src=COA_Nordwestmecklenburg.svg>,"NWM, GDB, GVM, WIS, (HWI)",Mecklenburg-Vorpommern,<img src=StateFlag_Mecklenburg-Vorpommern.svg>,<img src=StateCOA_Mecklenburg-Vorpommern.svg>,160 206,2 127,75,<img src=DistrictMap_Nordwestmecklenburg.png>,<img src=blank_districts_map.png>
3155,Northeim,<img src=COA_Northeim.svg>,"NOM, EIN, GAN",Niedersachsen,<img src=StateFlag_Niedersachsen.svg>,<img src=StateCOA_Niedersachsen.svg>,132 939,1 268,105,<img src=DistrictMap_Northeim.png>,<img src=blank_districts_map.png>
9574,Nürnberger Land,<img src=COA_Nürnberger_Land.svg>,"LAU, ESB, HEB, N, PEG",Bayern,<img src=StateFlag_Bayern.svg>,<img src=StateCOA_Bayern.svg>,172 941,799,216,<img src=DistrictMap_Nürnberger_Land.png>,<img src=blank_districts_map.png>
9780,Oberallgäu,<img src=COA_Oberallgäu.svg>,OA,Bayern,<img src=StateFlag_Bayern.svg>,<img src=StateCOA_Bayern.svg>,159 576,1 527,104,<img src=DistrictMap_Oberallgäu.png>,<img src=blank_districts_map.png>
5374,Oberbergischer Kreis,<img src=COA_Oberbergischer_Kreis.svg>,GM,Nordrhein-Westfalen,<img src=StateFlag_Nordrhein-Westfalen.svg>,<img src=StateCOA_Nordrhein-Westfalen.svg>,273 963,918,298,<img src=DistrictMap_Oberbergischer_Kreis.png>,<img src=blank_districts_map.png>
12065,Oberhavel,<img src=COA_Oberhavel.svg>,OHV,Brandenburg,<img src=StateFlag_Brandenburg.svg>,<img src=StateCOA_Brandenburg.svg>,218 855,1 808,121,<img src=DistrictMap_Oberhavel.png>,<img src=blank_districts_map.png>
12066,Oberspreewald-Lausitz,<img src=COA_Oberspreewald-Lausitz.svg>,"OSL, CA, SFB",Brandenburg,<img src=StateFlag_Brandenburg.svg>,<img src=StateCOA_Brandenburg.svg>,107 547,1 223,88,<img src=DistrictMap_Oberspreewald-Lausitz.png>,<img src=blank_districts_map.png>
6437,Odenwaldkreis,<img src=COA_Odenwaldkreis.svg>,ERB,Hessen,<img src=StateFlag_Hessen.svg>,<img src=StateCOA_Hessen.svg>,94 246,623,151,<img src=DistrictMap_Odenwaldkreis.png>,<img src=blank_districts_map.png>
12067,Oder-Spree,<img src=COA_Oder-Spree.svg>,"LOS, BSK, EH, FW",Brandenburg,<img src=StateFlag_Brandenburg.svg>,<img src=StateCOA_Brandenburg.svg>,182 960,2 256,81,<img src=DistrictMap_Oder-Spree.png>,<img src=blank_districts_map.png>
6438,Offenbach,<img src=COA_Offenbach.svg>,OF,Hessen,<img src=StateFlag_Hessen.svg>,<img src=StateCOA_Hessen.svg>,356 578,356,1001,<img src=DistrictMap_Offenbach.png>,<img src=blank_districts_map.png>
3458,Oldenburg (Kreis),<img src=COA_Oldenburg.svg>,OL,Niedersachsen,<img src=StateFlag_Niedersachsen.svg>,<img src=StateCOA_Niedersachsen.svg>,134 621,1 064,126,<img src=DistrictMap_Oldenburg_(Kreis).png>,<img src=blank_districts_map.png>
5966,Olpe,<img src=COA_Olpe.svg>,OE,Nordrhein-Westfalen,<img src=StateFlag_Nordrhein-Westfalen.svg>,<img src=StateCOA_Nordrhein-Westfalen.svg>,132 426,712,186,<img src=DistrictMap_Olpe.png>,<img src=blank_districts_map.png>
8317,Ortenaukreis,<img src=COA_Ortenaukreis.svg>,"OG, BH, KEL, LR, WOL",Baden-Württemberg,<img src=StateFlag_Baden-Württemberg.svg>,<img src=StateCOA_Baden-Württemberg.svg>,444 390,1 860,239,<img src=DistrictMap_Ortenaukreis.png>,<img src=blank_districts_map.png>
3459,Osnabrück (Kreis),<img src=COA_Osnabrück.svg>,"OS, BSB, MEL, WTL",Niedersachsen,<img src=StateFlag_Niedersachsen.svg>,<img src=StateCOA_Niedersachsen.svg>,366 229,2 121,173,<img src=DistrictMap_Osnabrück_(Kreis).png>,<img src=blank_districts_map.png>
8136,Ostalbkreis,<img src=COA_Ostalbkreis.svg>,"AA, GD",Baden-Württemberg,<img src=StateFlag_Baden-Württemberg.svg>,<img src=StateCOA_Baden-Württemberg.svg>,320 436,1 511,212,<img src=DistrictMap_Ostalbkreis.png>,<img src=blank_districts_map.png>
9777,Ostallgäu,<img src=COA_Ostallgäu.svg>,"OAL, FÜS, MOD",Bayern,<img src=StateFlag_Bayern.svg>,<img src=StateCOA_Bayern.svg>,146 302,1 394,105,<img src=DistrictMap_Ostallgäu.png>,<img src=blank_districts_map.png>
3356,Osterholz,<img src=COA_Osterholz.svg>,OHZ,Niedersachsen,<img src=StateFlag_Niedersachsen.svg>,<img src=StateCOA_Niedersachsen.svg>,116 487,652,178,<img src=DistrictMap_Osterholz.png>,<img src=blank_districts_map.png>
1055,Ostholstein,<img src=COA_Ostholstein.svg>,OH,Schleswig-Holstein,<img src=StateFlag_Schleswig-Holstein.svg>,<img src=StateCOA_Schleswig-Holstein.svg>,201 529,1 393,145,<img src=DistrictMap_Ostholstein.png>,<img src=blank_districts_map.png>
12068,Ostprignitz-Ruppin,<img src=COA_Ostprignitz-Ruppin.svg>,"OPR, KY, NP, WK",Brandenburg,<img src=StateFlag_Brandenburg.svg>,<img src=StateCOA_Brandenburg.svg>,99 929,2 526,40,<img src=DistrictMap_Ostprignitz-Ruppin.png>,<img src=blank_districts_map.png>
5774,Paderborn,<img src=COA_Paderborn.svg>,"PB, BÜR",Nordrhein-Westfalen,<img src=StateFlag_Nordrhein-Westfalen.svg>,<img src=StateCOA_Nordrhein-Westfalen.svg>,315 606,1 246,253,<img src=DistrictMap_Paderborn.png>,<img src=blank_districts_map.png>
9275,Passau (Kreis),<img src=COA_Passau.svg>,PA,Bayern,<img src=StateFlag_Bayern.svg>,<img src=StateCOA_Bayern.svg>,197 863,1 530,129,<img src=DistrictMap_Passau_(Kreis).png>,<img src=blank_districts_map.png>
3157,Peine,<img src=COA_Peine.svg>,PE,Niedersachsen,<img src=StateFlag_Niedersachsen.svg>,<img src=StateCOA_Niedersachsen.svg>,139 170,536,259,<img src=DistrictMap_Peine.png>,<img src=blank_districts_map.png>
9186,Pfaffenhofen an der Ilm,<img src=COA_Pfaffenhofen_an_der_Ilm.svg>,PAF,Bayern,<img src=StateFlag_Bayern.svg>,<img src=StateCOA_Bayern.svg>,132 966,761,175,<img src=DistrictMap_Pfaffenhofen_an_der_Ilm.png>,<img src=blank_districts_map.png>
1056,Pinneberg,<img src=COA_Pinneberg.svg>,PI,Schleswig-Holstein,<img src=StateFlag_Schleswig-Holstein.svg>,<img src=StateCOA_Schleswig-Holstein.svg>,323 762,664,487,<img src=DistrictMap_Pinneberg.png>,<img src=blank_districts_map.png>
1057,Plön,<img src=COA_Plön.svg>,PLÖ,Schleswig-Holstein,<img src=StateFlag_Schleswig-Holstein.svg>,<img src=StateCOA_Schleswig-Holstein.svg>,130 635,1 083,121,<img src=DistrictMap_Plön.png>,<img src=blank_districts_map.png>
12069,Potsdam-Mittelmark,<img src=COA_Potsdam-Mittelmark.svg>,PM,Brandenburg,<img src=StateFlag_Brandenburg.svg>,<img src=StateCOA_Brandenburg.svg>,223 531,2 592,86,<img src=DistrictMap_Potsdam-Mittelmark.png>,<img src=blank_districts_map.png>
12070,Prignitz,<img src=COA_Prignitz.svg>,PR,Brandenburg,<img src=StateFlag_Brandenburg.svg>,<img src=StateCOA_Brandenburg.svg>,75 836,2 138,35,<img src=DistrictMap_Prignitz.png>,<img src=blank_districts_map.png>
8216,Rastatt,<img src=COA_Rastatt.svg>,"RA, BH",Baden-Württemberg,<img src=StateFlag_Baden-Württemberg.svg>,<img src=StateCOA_Baden-Württemberg.svg>,235 542,738,319,<img src=DistrictMap_Rastatt.png>,<img src=blank_districts_map.png>
8436,Ravensburg,<img src=COA_Ravensburg.svg>,"RV, SLG, ÜB, WG",Baden-Württemberg,<img src=StateFlag_Baden-Württemberg.svg>,<img src=StateCOA_Baden-Württemberg.svg>,293 148,1 632,180,<img src=DistrictMap_Ravensburg.png>,<img src=blank_districts_map.png>
5562,Recklinghausen,<img src=COA_Recklinghausen.svg>,"RE, CAS, GLA",Nordrhein-Westfalen,<img src=StateFlag_Nordrhein-Westfalen.svg>,<img src=StateCOA_Nordrhein-Westfalen.svg>,622 855,761,818,<img src=DistrictMap_Recklinghausen.png>,<img src=blank_districts_map.png>
9276,Regen,<img src=COA_Regen.svg>,"REG, VIT",Bayern,<img src=StateFlag_Bayern.svg>,<img src=StateCOA_Bayern.svg>,77 940,974,80,<img src=DistrictMap_Regen.png>,<img src=blank_districts_map.png>
9375,Regensburg (Kreis),<img src=COA_Regensburg.svg>,R,Bayern,<img src=StateFlag_Bayern.svg>,<img src=StateCOA_Bayern.svg>,200 264,1 391,144,<img src=DistrictMap_Regensburg_(Kreis).png>,<img src=blank_districts_map.png>
8119,Rems-Murr-Kreis,<img src=COA_Rems-Murr-Kreis.svg>,"WN, BK",Baden-Württemberg,<img src=StateFlag_Baden-Württemberg.svg>,<img src=StateCOA_Baden-Württemberg.svg>,434 369,858,506,<img src=DistrictMap_Rems-Murr-Kreis.png>,<img src=blank_districts_map.png>
1058,Rendsburg-Eckernförde,<img src=COA_Rendsburg-Eckernförde.svg>,"RD, ECK",Schleswig-Holstein,<img src=StateFlag_Schleswig-Holstein.svg>,<img src=StateCOA_Schleswig-Holstein.svg>,277 888,2 189,127,<img src=DistrictMap_Rendsburg-Eckernförde.png>,<img src=blank_districts_map.png>
8415,Reutlingen,<img src=COA_Reutlingen.svg>,RT,Baden-Württemberg,<img src=StateFlag_Baden-Württemberg.svg>,<img src=StateCOA_Baden-Württemberg.svg>,293 624,1 092,269,<img src=DistrictMap_Reutlingen.png>,<img src=blank_districts_map.png>
5362,Rhein-Erft-Kreis,<img src=COA_Rhein-Erft-Kreis.svg>,BM,Nordrhein-Westfalen,<img src=StateFlag_Nordrhein-Westfalen.svg>,<img src=StateCOA_Nordrhein-Westfalen.svg>,476 412,704,676,<img src=DistrictMap_Rhein-Erft-Kreis.png>,<img src=blank_districts_map.png>
6439,Rheingau-Taunus-Kreis,<img src=COA_Rheingau-Taunus-Kreis.svg>,"RÜD, SWA",Hessen,<img src=StateFlag_Hessen.svg>,<img src=StateCOA_Hessen.svg>,186 050,811,229,<img src=DistrictMap_Rheingau-Taunus-Kreis.png>,<img src=blank_districts_map.png>
7140,Rhein-Hunsrück-Kreis,<img src=COA_Rhein-Hunsrück-Kreis.svg>,"SIM, GOA",Rheinland-Pfalz,<img src=StateFlag_Rheinland-Pfalz.svg>,<img src=StateCOA_Rheinland-Pfalz.svg>,106 227,991,107,<img src=DistrictMap_Rhein-Hunsrück-Kreis.png>,<img src=blank_districts_map.png>
5378,Rheinisch-Bergischer Kreis,<img src=COA_Rheinisch-Bergischer_Kreis.svg>,GL,Nordrhein-Westfalen,<img src=StateFlag_Nordrhein-Westfalen.svg>,<img src=StateCOA_Nordrhein-Westfalen.svg>,283 607,437,649,<img src=DistrictMap_Rheinisch-Bergischer_Kreis.png>,<img src=blank_districts_map.png>
5162,Rhein-Kreis Neuss,<img src=COA_Rhein-Kreis_Neuss.svg>,"NE, GV",Nordrhein-Westfalen,<img src=StateFlag_Nordrhein-Westfalen.svg>,<img src=StateCOA_Nordrhein-Westfalen.svg>,457 398,576,793,<img src=DistrictMap_Rhein-Kreis_Neuss.png>,<img src=blank_districts_map.png>
7141,Rhein-Lahn-Kreis,<img src=COA_Rhein-Lahn-Kreis.svg>,"EMS, DIZ, GOH",Rheinland-Pfalz,<img src=StateFlag_Rheinland-Pfalz.svg>,<img src=StateCOA_Rheinland-Pfalz.svg>,124 796,782,160,<img src=DistrictMap_Rhein-Lahn-Kreis.png>,<img src=blank_districts_map.png>
8226,Rhein-Neckar-Kreis,<img src=COA_Rhein-Neckar-Kreis.svg>,HD,Baden-Württemberg,<img src=StateFlag_Baden-Württemberg.svg>,<img src=StateCOA_Baden-Württemberg.svg>,556 645,1 061,524,<img src=DistrictMap_Rhein-Neckar-Kreis.png>,<img src=blank_districts_map.png>
7338,Rhein-Pfalz-Kreis,<img src=COA_Rhein-Pfalz-Kreis.svg>,RP,Rheinland-Pfalz,<img src=StateFlag_Rheinland-Pfalz.svg>,<img src=StateCOA_Rheinland-Pfalz.svg>,156 346,305,513,<img src=DistrictMap_Rhein-Pfalz-Kreis.png>,<img src=blank_districts_map.png>
5382,Rhein-Sieg-Kreis,<img src=COA_Rhein-Sieg-Kreis.svg>,SU,Nordrhein-Westfalen,<img src=StateFlag_Nordrhein-Westfalen.svg>,<img src=StateCOA_Nordrhein-Westfalen.svg>,605 283,1 153,525,<img src=DistrictMap_Rhein-Sieg-Kreis.png>,<img src=blank_districts_map.png>
9673,Rhön-Grabfeld,<img src=COA_Rhön-Grabfeld.svg>,"NES, KÖN, MET",Bayern,<img src=StateFlag_Bayern.svg>,<img src=StateCOA_Bayern.svg>,80 544,1 021,79,<img src=DistrictMap_Rhön-Grabfeld.png>,<img src=blank_districts_map.png>
9187,Rosenheim (Kreis),<img src=COA_Rosenheim.svg>,"RO, AIB, WS",Bayern,<img src=StateFlag_Bayern.svg>,<img src=StateCOA_Bayern.svg>,268 391,1 439,186,<img src=DistrictMap_Rosenheim_(Kreis).png>,<img src=blank_districts_map.png>
13072,Rostock (Kreis),<img src=COA_Rostock.svg>,"LRO, BÜZ, DBR, GÜ, ROS, TET",Mecklenburg-Vorpommern,<img src=StateFlag_Mecklenburg-Vorpommern.svg>,<img src=StateCOA_Mecklenburg-Vorpommern.svg>,221 431,3 431,65,<img src=DistrictMap_Rostock_(Kreis).png>,<img src=blank_districts_map.png>
3357,Rotenburg (Wümme),<img src=COA_Rotenburg_(Wümme).svg>,"ROW, BRV",Niedersachsen,<img src=StateFlag_Niedersachsen.svg>,<img src=StateCOA_Niedersachsen.svg>,168 454,2 074,81,<img src=DistrictMap_Rotenburg_(Wümme).png>,<img src=blank_districts_map.png>
9576,Roth,<img src=COA_Roth.svg>,"RH, HIP",Bayern,<img src=StateFlag_Bayern.svg>,<img src=StateCOA_Bayern.svg>,129 595,895,145,<img src=DistrictMap_Roth.png>,<img src=blank_districts_map.png>
9277,Rottal-Inn,<img src=COA_Rottal-Inn.svg>,"PAN, EG, GRI, VIB",Bayern,<img src=StateFlag_Bayern.svg>,<img src=StateCOA_Bayern.svg>,124 911,1 281,97,<img src=DistrictMap_Rottal-Inn.png>,<img src=blank_districts_map.png>
8325,Rottweil,<img src=COA_Rottweil.svg>,RW,Baden-Württemberg,<img src=StateFlag_Baden-Württemberg.svg>,<img src=StateCOA_Baden-Württemberg.svg>,142 963,769,186,<img src=DistrictMap_Rottweil.png>,<img src=blank_districts_map.png>
16074,Saale-Holzland-Kreis,<img src=COA_Saale-Holzland-Kreis.svg>,"SHK, EIS, SRO",Thüringen,<img src=StateFlag_Thüringen.svg>,<img src=StateCOA_Thüringen.svg>,83 643,815,103,<img src=DistrictMap_Saale-Holzland-Kreis.png>,<img src=blank_districts_map.png>
15088,Saalekreis,<img src=COA_Saalekreis.svg>,"SK, MER, MQ, QFT",Sachsen-Anhalt,<img src=StateFlag_Sachsen-Anhalt.svg>,<img src=StateCOA_Sachsen-Anhalt.svg>,182 677,1 434,127,<img src=DistrictMap_Saalekreis.png>,<img src=blank_districts_map.png>
16075,Saale-Orla-Kreis,<img src=COA_Saale-Orla-Kreis.svg>,"SOK, LBS, PN, SCZ",Thüringen,<img src=StateFlag_Thüringen.svg>,<img src=StateCOA_Thüringen.svg>,78 619,1 151,68,<img src=DistrictMap_Saale-Orla-Kreis.png>,<img src=blank_districts_map.png>
16073,Saalfeld-Rudolstadt,<img src=COA_Saalfeld-Rudolstadt.svg>,"SLF, RU",Thüringen,<img src=StateFlag_Thüringen.svg>,<img src=StateCOA_Thüringen.svg>,101 044,1 008,100,<img src=DistrictMap_Saalfeld-Rudolstadt.png>,<img src=blank_districts_map.png>
10041,Regionalverband Saarbrücken,<img src=COA_Regionalverband_Saarbrücken.svg>,"SB, (VK)",Saarland,<img src=StateFlag_Saarland.svg>,<img src=StateCOA_Saarland.svg>,332 461,410,809,<img src=DistrictMap_Regionalverband_Saarbrücken.png>,<img src=blank_districts_map.png>
10044,Saarlouis,<img src=COA_Saarlouis.svg>,SLS,Saarland,<img src=StateFlag_Saarland.svg>,<img src=StateCOA_Saarland.svg>,206 094,459,449,<img src=DistrictMap_Saarlouis.png>,<img src=blank_districts_map.png>
10045,Saarpfalz-Kreis,<img src=COA_Saarpfalz-Kreis.svg>,"HOM, (IGB)",Saarland,<img src=StateFlag_Saarland.svg>,<img src=StateCOA_Saarland.svg>,144 478,418,345,<img src=DistrictMap_Saarpfalz-Kreis.png>,<img src=blank_districts_map.png>
14628,Sächsische Schweiz-Osterzgebirge,<img src=COA_Sächsische_Schweiz-Osterzgebirge.svg>,"PIR, DW, FTL, SEB",Sachsen,<img src=StateFlag_Sachsen.svg>,<img src=StateCOA_Sachsen.svg>,246 011,1 654,149,<img src=DistrictMap_Sächsische_Schweiz-Osterzgebirge.png>,<img src=blank_districts_map.png>
15089,Salzlandkreis,<img src=COA_Salzlandkreis.svg>,"SLK, ASL, BBG, SBK, SFT",Sachsen-Anhalt,<img src=StateFlag_Sachsen-Anhalt.svg>,<img src=StateCOA_Sachsen-Anhalt.svg>,182 296,1 427,128,<img src=DistrictMap_Salzlandkreis.png>,<img src=blank_districts_map.png>
3257,Schaumburg,<img src=COA_Schaumburg.svg>,"SHG, RI",Niedersachsen,<img src=StateFlag_Niedersachsen.svg>,<img src=StateCOA_Niedersachsen.svg>,160 236,675,237,<img src=DistrictMap_Schaumburg.png>,<img src=blank_districts_map.png>
1059,Schleswig-Flensburg,<img src=COA_Schleswig-Flensburg.svg>,SL,Schleswig-Holstein,<img src=StateFlag_Schleswig-Holstein.svg>,<img src=StateCOA_Schleswig-Holstein.svg>,204 761,2 071,99,<img src=DistrictMap_Schleswig-Flensburg.png>,<img src=blank_districts_map.png>
16066,Schmalkalden-Meiningen,<img src=COA_Schmalkalden-Meiningen.svg>,"SM, MGN",Thüringen,<img src=StateFlag_Thüringen.svg>,<img src=StateCOA_Thüringen.svg>,123 274,1 251,99,<img src=DistrictMap_Schmalkalden-Meiningen.png>,<img src=blank_districts_map.png>
8127,Schwäbisch Hall,<img src=COA_Schwäbisch_Hall.svg>,"SHA, BK, CR",Baden-Württemberg,<img src=StateFlag_Baden-Württemberg.svg>,<img src=StateCOA_Baden-Württemberg.svg>,204 721,1 484,138,<img src=DistrictMap_Schwäbisch_Hall.png>,<img src=blank_districts_map.png>
6634,Schwalm-Eder-Kreis,<img src=COA_Schwalm-Eder-Kreis.svg>,"HR, FZ, MEG, ZIG",Hessen,<img src=StateFlag_Hessen.svg>,<img src=StateCOA_Hessen.svg>,180 368,1 539,117,<img src=DistrictMap_Schwalm-Eder-Kreis.png>,<img src=blank_districts_map.png>
9376,Schwandorf,<img src=COA_Schwandorf.svg>,"SAD, BUL, NAB, NEN, OVI, ROD",Bayern,<img src=StateFlag_Bayern.svg>,<img src=StateCOA_Bayern.svg>,152 284,1 458,104,<img src=DistrictMap_Schwandorf.png>,<img src=blank_districts_map.png>
8326,Schwarzwald-Baar-Kreis,<img src=COA_Schwarzwald-Baar-Kreis.svg>,"VS, DS",Baden-Württemberg,<img src=StateFlag_Baden-Württemberg.svg>,<img src=StateCOA_Baden-Württemberg.svg>,218 780,1 025,213,<img src=DistrictMap_Schwarzwald-Baar-Kreis.png>,<img src=blank_districts_map.png>
9678,Schweinfurt (Kreis),<img src=COA_Schweinfurt.svg>,"SW, GEO",Bayern,<img src=StateFlag_Bayern.svg>,<img src=StateCOA_Bayern.svg>,116 653,841,139,<img src=DistrictMap_Schweinfurt_(Kreis).png>,<img src=blank_districts_map.png>
1060,Segeberg,<img src=COA_Segeberg.svg>,SE,Schleswig-Holstein,<img src=StateFlag_Schleswig-Holstein.svg>,<img src=StateCOA_Schleswig-Holstein.svg>,282 268,1 344,210,<img src=DistrictMap_Segeberg.png>,<img src=blank_districts_map.png>
5970,Siegen-Wittgenstein,<img src=COA_Siegen-Wittgenstein.svg>,"SI, BLB",Nordrhein-Westfalen,<img src=StateFlag_Nordrhein-Westfalen.svg>,<img src=StateCOA_Nordrhein-Westfalen.svg>,274 379,1 132,242,<img src=DistrictMap_Siegen-Wittgenstein.png>,<img src=blank_districts_map.png>
8437,Sigmaringen,<img src=COA_Sigmaringen.svg>,"SIG, SLG, STO, ÜB",Baden-Württemberg,<img src=StateFlag_Baden-Württemberg.svg>,<img src=StateCOA_Baden-Württemberg.svg>,134 259,1 204,111,<img src=DistrictMap_Sigmaringen.png>,<img src=blank_districts_map.png>
5974,Soest,<img src=COA_Soest.svg>,"SO, LP",Nordrhein-Westfalen,<img src=StateFlag_Nordrhein-Westfalen.svg>,<img src=StateCOA_Nordrhein-Westfalen.svg>,300 347,1 328,226,<img src=DistrictMap_Soest.png>,<img src=blank_districts_map.png>
16068,Sömmerda,<img src=COA_Sömmerda.svg>,SÖM,Thüringen,<img src=StateFlag_Thüringen.svg>,<img src=StateCOA_Thüringen.svg>,69 418,806,86,<img src=DistrictMap_Sömmerda.png>,<img src=blank_districts_map.png>
16072,Sonneberg,<img src=COA_Sonneberg.svg>,"SON, NH",Thüringen,<img src=StateFlag_Thüringen.svg>,<img src=StateCOA_Thüringen.svg>,56 434,460,122,<img src=DistrictMap_Sonneberg.png>,<img src=blank_districts_map.png>
12071,Spree-Neiße,<img src=COA_Spree-Neiße.svg>,"SPN, FOR, GUB, SPB",Brandenburg,<img src=StateFlag_Brandenburg.svg>,<img src=StateCOA_Brandenburg.svg>,111 966,1 656,68,<img src=DistrictMap_Spree-Neiße.png>,<img src=blank_districts_map.png>
10046,St. Wendel,<img src=COA_St._Wendel.svg>,WND,Saarland,<img src=StateFlag_Saarland.svg>,<img src=StateCOA_Saarland.svg>,88 056,476,185,<img src=DistrictMap_St._Wendel.png>,<img src=blank_districts_map.png>
3359,Stade,<img src=COA_Stade.svg>,STD,Niedersachsen,<img src=StateFlag_Niedersachsen.svg>,<img src=StateCOA_Niedersachsen.svg>,211 467,1 267,167,<img src=DistrictMap_Stade.png>,<img src=blank_districts_map.png>
9188,Starnberg,<img src=COA_Starnberg.svg>,"STA, WOR",Bayern,<img src=StateFlag_Bayern.svg>,<img src=StateCOA_Bayern.svg>,139 067,487,285,<img src=DistrictMap_Starnberg.png>,<img src=blank_districts_map.png>
1061,Steinburg,<img src=COA_Steinburg.svg>,IZ,Schleswig-Holstein,<img src=StateFlag_Schleswig-Holstein.svg>,<img src=StateCOA_Schleswig-Holstein.svg>,132 447,1 055,125,<img src=DistrictMap_Steinburg.png>,<img src=blank_districts_map.png>
5566,Steinfurt,<img src=COA_Steinfurt.svg>,"ST, BF, TE",Nordrhein-Westfalen,<img src=StateFlag_Nordrhein-Westfalen.svg>,<img src=StateCOA_Nordrhein-Westfalen.svg>,450 042,1 795,251,<img src=DistrictMap_Steinfurt.png>,<img src=blank_districts_map.png>
15090,Stendal,<img src=COA_Stendal.svg>,"SDL, HV, OBG",Sachsen-Anhalt,<img src=StateFlag_Sachsen-Anhalt.svg>,<img src=StateCOA_Sachsen-Anhalt.svg>,106 793,2 424,44,<img src=DistrictMap_Stendal.png>,<img src=blank_districts_map.png>
1062,Stormarn,<img src=COA_Stormarn.svg>,OD,Schleswig-Holstein,<img src=StateFlag_Schleswig-Holstein.svg>,<img src=StateCOA_Schleswig-Holstein.svg>,246 201,766,321,<img src=DistrictMap_Stormarn.png>,<img src=blank_districts_map.png>
9278,Straubing-Bogen,<img src=COA_Straubing-Bogen.svg>,"SR, BOG, MAL",Bayern,<img src=StateFlag_Bayern.svg>,<img src=StateCOA_Bayern.svg>,104 167,1 201,87,<img src=DistrictMap_Straubing-Bogen.png>,<img src=blank_districts_map.png>
7337,Südliche Weinstraße,<img src=COA_Südliche_Weinstraße.svg>,SÜW,Rheinland-Pfalz,<img src=StateFlag_Rheinland-Pfalz.svg>,<img src=StateCOA_Rheinland-Pfalz.svg>,112 894,639,176,<img src=DistrictMap_Südliche_Weinstraße.png>,<img src=blank_districts_map.png>
7340,Südwestpfalz,<img src=COA_Südwestpfalz.svg>,"PS, ZW",Rheinland-Pfalz,<img src=StateFlag_Rheinland-Pfalz.svg>,<img src=StateCOA_Rheinland-Pfalz.svg>,94 912,953,100,<img src=DistrictMap_Südwestpfalz.png>,<img src=blank_districts_map.png>
12072,Teltow-Fläming,<img src=COA_Teltow-Fläming.svg>,TF,Brandenburg,<img src=StateFlag_Brandenburg.svg>,<img src=StateCOA_Brandenburg.svg>,178 472,2 104,85,<img src=DistrictMap_Teltow-Fläming.png>,<img src=blank_districts_map.png>
9377,Tirschenreuth,<img src=COA_Tirschenreuth.svg>,"TIR, KEM",Bayern,<img src=StateFlag_Bayern.svg>,<img src=StateCOA_Bayern.svg>,72 147,1 084,67,<img src=DistrictMap_Tirschenreuth.png>,<img src=blank_districts_map.png>
9189,Traunstein,<img src=COA_Traunstein.svg>,"TS, LF",Bayern,<img src=StateFlag_Bayern.svg>,<img src=StateCOA_Bayern.svg>,181 763,1 533,119,<img src=DistrictMap_Traunstein.png>,<img src=blank_districts_map.png>
7235,Trier-Saarburg,<img src=COA_Trier-Saarburg.svg>,"TR, SAB",Rheinland-Pfalz,<img src=StateFlag_Rheinland-Pfalz.svg>,<img src=StateCOA_Rheinland-Pfalz.svg>,153 814,1 102,140,<img src=DistrictMap_Trier-Saarburg.png>,<img src=blank_districts_map.png>
8416,Tübingen,<img src=COA_Tübingen.svg>,TÜ,Baden-Württemberg,<img src=StateFlag_Baden-Württemberg.svg>,<img src=StateCOA_Baden-Württemberg.svg>,234 649,519,452,<img src=DistrictMap_Tübingen.png>,<img src=blank_districts_map.png>
8327,Tuttlingen,<img src=COA_Tuttlingen.svg>,TUT,Baden-Württemberg,<img src=StateFlag_Baden-Württemberg.svg>,<img src=StateCOA_Baden-Württemberg.svg>,146 124,734,199,<img src=DistrictMap_Tuttlingen.png>,<img src=blank_districts_map.png>
12073,Uckermark,<img src=COA_Uckermark.svg>,"UM, ANG, PZ, SDT, TP",Brandenburg,<img src=StateFlag_Brandenburg.svg>,<img src=StateCOA_Brandenburg.svg>,117 803,3 077,38,<img src=DistrictMap_Uckermark.png>,<img src=blank_districts_map.png>
3360,Uelzen,<img src=COA_Uelzen.svg>,UE,Niedersachsen,<img src=StateFlag_Niedersachsen.svg>,<img src=StateCOA_Niedersachsen.svg>,95 088,1 462,65,<img src=DistrictMap_Uelzen.png>,<img src=blank_districts_map.png>
5978,Unna,<img src=COA_Unna.svg>,"UN, LH, LÜN",Nordrhein-Westfalen,<img src=StateFlag_Nordrhein-Westfalen.svg>,<img src=StateCOA_Nordrhein-Westfalen.svg>,396 283,543,730,<img src=DistrictMap_Unna.png>,<img src=blank_districts_map.png>
16064,Unstrut-Hainich-Kreis,<img src=COA_Unstrut-Hainich-Kreis.svg>,"UH, LSZ, MHL",Thüringen,<img src=StateFlag_Thüringen.svg>,<img src=StateCOA_Thüringen.svg>,98 233,931,105,<img src=DistrictMap_Unstrut-Hainich-Kreis.png>,<img src=blank_districts_map.png>
9778,Unterallgäu,<img src=COA_Unterallgäu.svg>,MN,Bayern,<img src=StateFlag_Bayern.svg>,<img src=StateCOA_Bayern.svg>,151 838,1 229,123,<img src=DistrictMap_Unterallgäu.png>,<img src=blank_districts_map.png>
3460,Vechta,<img src=COA_Vechta.svg>,VEC,Niedersachsen,<img src=StateFlag_Niedersachsen.svg>,<img src=StateCOA_Niedersachsen.svg>,147 751,814,181,<img src=DistrictMap_Vechta.png>,<img src=blank_districts_map.png>
3361,Verden,<img src=COA_Verden.svg>,VER,Niedersachsen,<img src=StateFlag_Niedersachsen.svg>,<img src=StateCOA_Niedersachsen.svg>,141 349,789,179,<img src=DistrictMap_Verden.png>,<img src=blank_districts_map.png>
5166,Viersen,<img src=COA_Viersen.svg>,"VIE, KK",Nordrhein-Westfalen,<img src=StateFlag_Nordrhein-Westfalen.svg>,<img src=StateCOA_Nordrhein-Westfalen.svg>,297 504,563,528,<img src=DistrictMap_Viersen.png>,<img src=blank_districts_map.png>
6535,Vogelsbergkreis,<img src=COA_Vogelsbergkreis.svg>,VB,Hessen,<img src=StateFlag_Hessen.svg>,<img src=StateCOA_Hessen.svg>,101 494,1 458,70,<img src=DistrictMap_Vogelsbergkreis.png>,<img src=blank_districts_map.png>
14523,Vogtlandkreis,<img src=COA_Vogtlandkreis.svg>,"V, AE, OVL, PL, RC",Sachsen,<img src=StateFlag_Sachsen.svg>,<img src=StateCOA_Sachsen.svg>,221 953,1 412,157,<img src=DistrictMap_Vogtlandkreis.png>,<img src=blank_districts_map.png>
13075,Vorpommern-Greifswald,<img src=COA_Vorpommern-Greifswald.svg>,"VG, ANK, GW, PW, SBG, UEM, WLG, (HGW)",Mecklenburg-Vorpommern,<img src=StateFlag_Mecklenburg-Vorpommern.svg>,<img src=StateCOA_Mecklenburg-Vorpommern.svg>,237 184,3 945,60,<img src=DistrictMap_Vorpommern-Greifswald.png>,<img src=blank_districts_map.png>
13073,Vorpommern-Rügen,<img src=COA_Vorpommern-Rügen.svg>,"VR, GMN, NVP, RDG, RÜG, (HST)",Mecklenburg-Vorpommern,<img src=StateFlag_Mecklenburg-Vorpommern.svg>,<img src=StateCOA_Mecklenburg-Vorpommern.svg>,227 746,3 216,71,<img src=DistrictMap_Vorpommern-Rügen.png>,<img src=blank_districts_map.png>
7233,Vulkaneifel,<img src=COA_Vulkaneifel.svg>,DAU,Rheinland-Pfalz,<img src=StateFlag_Rheinland-Pfalz.svg>,<img src=StateCOA_Rheinland-Pfalz.svg>,61 912,911,68,<img src=DistrictMap_Vulkaneifel.png>,<img src=blank_districts_map.png>
6635,Waldeck-Frankenberg,<img src=COA_Waldeck-Frankenberg.svg>,"KB, FKB, WA",Hessen,<img src=StateFlag_Hessen.svg>,<img src=StateCOA_Hessen.svg>,155 135,1 848,84,<img src=DistrictMap_Waldeck-Frankenberg.png>,<img src=blank_districts_map.png>
8337,Waldshut,<img src=COA_Waldshut.svg>,"WT, SÄK",Baden-Württemberg,<img src=StateFlag_Baden-Württemberg.svg>,<img src=StateCOA_Baden-Württemberg.svg>,174 391,1 131,154,<img src=DistrictMap_Waldshut.png>,<img src=blank_districts_map.png>
5570,Warendorf,<img src=COA_Warendorf.svg>,"WAF, BE",Nordrhein-Westfalen,<img src=StateFlag_Nordrhein-Westfalen.svg>,<img src=StateCOA_Nordrhein-Westfalen.svg>,282 216,1 319,214,<img src=DistrictMap_Warendorf.png>,<img src=blank_districts_map.png>
16063,Wartburgkreis,<img src=COA_Wartburgkreis.svg>,"WAK, EA, SLZ",Thüringen,<img src=StateFlag_Thüringen.svg>,<img src=StateCOA_Thüringen.svg>,159 201,1 371,116,<img src=DistrictMap_Wartburgkreis.png>,<img src=blank_districts_map.png>
9190,Weilheim-Schongau,<img src=COA_Weilheim-Schongau.svg>,"WM, SOG",Bayern,<img src=StateFlag_Bayern.svg>,<img src=StateCOA_Bayern.svg>,139 401,966,144,<img src=DistrictMap_Weilheim-Schongau.png>,<img src=blank_districts_map.png>
16071,Weimarer Land,<img src=COA_Weimarer_Land.svg>,"AP, APD",Thüringen,<img src=StateFlag_Thüringen.svg>,<img src=StateCOA_Thüringen.svg>,82 892,804,103,<img src=DistrictMap_Weimarer_Land.png>,<img src=blank_districts_map.png>
9577,Weißenburg-Gunzenhausen,<img src=COA_Weißenburg-Gunzenhausen.svg>,"WUG, GUN",Bayern,<img src=StateFlag_Bayern.svg>,<img src=StateCOA_Bayern.svg>,97 276,970,100,<img src=DistrictMap_Weißenburg-Gunzenhausen.png>,<img src=blank_districts_map.png>
6636,Werra-Meißner-Kreis,<img src=COA_Werra-Meißner-Kreis.svg>,"ESW, WIZ",Hessen,<img src=StateFlag_Hessen.svg>,<img src=StateCOA_Hessen.svg>,98 055,1 024,96,<img src=DistrictMap_Werra-Meißner-Kreis.png>,<img src=blank_districts_map.png>
5170,Wesel,<img src=COA_Wesel.svg>,"WES, DIN, MO",Nordrhein-Westfalen,<img src=StateFlag_Nordrhein-Westfalen.svg>,<img src=StateCOA_Nordrhein-Westfalen.svg>,457 545,1 042,439,<img src=DistrictMap_Wesel.png>,<img src=blank_districts_map.png>
3461,Wesermarsch,<img src=COA_Wesermarsch.svg>,BRA,Niedersachsen,<img src=StateFlag_Niedersachsen.svg>,<img src=StateCOA_Niedersachsen.svg>,89 761,824,109,<img src=DistrictMap_Wesermarsch.png>,<img src=blank_districts_map.png>
7143,Westerwaldkreis,<img src=COA_Westerwaldkreis.svg>,WW,Rheinland-Pfalz,<img src=StateFlag_Rheinland-Pfalz.svg>,<img src=StateCOA_Rheinland-Pfalz.svg>,206 709,989,209,<img src=DistrictMap_Westerwaldkreis.png>,<img src=blank_districts_map.png>
6440,Wetteraukreis,<img src=COA_Wetteraukreis.svg>,"FB, BÜD",Hessen,<img src=StateFlag_Hessen.svg>,<img src=StateCOA_Hessen.svg>,310 705,1 100,282,<img src=DistrictMap_Wetteraukreis.png>,<img src=blank_districts_map.png>
15091,Wittenberg,<img src=COA_Wittenberg.svg>,"WB, GHC, JE",Sachsen-Anhalt,<img src=StateFlag_Sachsen-Anhalt.svg>,<img src=StateCOA_Sachsen-Anhalt.svg>,122 230,1 931,63,<img src=DistrictMap_Wittenberg.png>,<img src=blank_districts_map.png>
3462,Wittmund,<img src=COA_Wittmund.svg>,WTM,Niedersachsen,<img src=StateFlag_Niedersachsen.svg>,<img src=StateCOA_Niedersachsen.svg>,58 396,656,89,<img src=DistrictMap_Wittmund.png>,<img src=blank_districts_map.png>
3158,Wolfenbüttel,<img src=COA_Wolfenbüttel.svg>,WF,Niedersachsen,<img src=StateFlag_Niedersachsen.svg>,<img src=StateCOA_Niedersachsen.svg>,120 755,724,167,<img src=DistrictMap_Wolfenbüttel.png>,<img src=blank_districts_map.png>
9479,Wunsiedel im Fichtelgebirge,<img src=COA_Wunsiedel_im_Fichtelgebirge.svg>,"WUN, MAK, REH, SEL",Bayern,<img src=StateFlag_Bayern.svg>,<img src=StateCOA_Bayern.svg>,71 972,606,119,<img src=DistrictMap_Wunsiedel_im_Fichtelgebirge.png>,<img src=blank_districts_map.png>
9679,Würzburg (Kreis),<img src=COA_Würzburg.svg>,"WÜ, OCH",Bayern,<img src=StateFlag_Bayern.svg>,<img src=StateCOA_Bayern.svg>,165 921,968,171,<img src=DistrictMap_Würzburg_(Kreis).png>,<img src=blank_districts_map.png>
8417,Zollernalbkreis,<img src=COA_Zollernalbkreis.svg>,"BL, HCH",Baden-Württemberg,<img src=StateFlag_Baden-Württemberg.svg>,<img src=StateCOA_Baden-Württemberg.svg>,193 712,917,211,<img src=DistrictMap_Zollernalbkreis.png>,<img src=blank_districts_map.png>
14524,Zwickau,<img src=COA_Zwickau.svg>,"Z, GC, HOT, WDA",Sachsen,<img src=StateFlag_Sachsen.svg>,<img src=StateCOA_Sachsen.svg>,310 111,949,327,<img src=DistrictMap_Zwickau.png>,<img src=blank_districts_map.png>
9361,Amberg,<img src=COA_Amberg.svg>,AM,Bayern,<img src=StateFlag_Bayern.svg>,<img src=StateCOA_Bayern.svg>,42 676,50,851,<img src=DistrictMap_Amberg.png>,<img src=blank_districts_map.png>
9561,Ansbach (Stadt),<img src=COA_Ansbach.svg>,AN,Bayern,<img src=StateFlag_Bayern.svg>,<img src=StateCOA_Bayern.svg>,42 311,99,423,<img src=DistrictMap_Ansbach_(Stadt).png>,<img src=blank_districts_map.png>
9661,Aschaffenburg (Stadt),<img src=COA_Aschaffenburg.svg>,AB,Bayern,<img src=StateFlag_Bayern.svg>,<img src=StateCOA_Bayern.svg>,72 918,62,1168,<img src=DistrictMap_Aschaffenburg_(Stadt).png>,<img src=blank_districts_map.png>
9761,Augsburg (Stadt),<img src=COA_Augsburg.svg>,A,Bayern,<img src=StateFlag_Bayern.svg>,<img src=StateCOA_Bayern.svg>,303 150,146,2064,<img src=DistrictMap_Augsburg_(Stadt).png>,<img src=blank_districts_map.png>
8211,Baden-Baden,<img src=COA_Baden-Baden.svg>,BAD,Baden-Württemberg,<img src=StateFlag_Baden-Württemberg.svg>,<img src=StateCOA_Baden-Württemberg.svg>,57 420,140,410,<img src=DistrictMap_Baden-Baden.png>,<img src=blank_districts_map.png>
9461,Bamberg (Stadt),<img src=COA_Bamberg.svg>,BA,Bayern,<img src=StateFlag_Bayern.svg>,<img src=StateCOA_Bayern.svg>,80 580,54,1475,<img src=DistrictMap_Bamberg_(Stadt).png>,<img src=blank_districts_map.png>
9462,Bayreuth (Stadt),<img src=COA_Bayreuth.svg>,BT,Bayern,<img src=StateFlag_Bayern.svg>,<img src=StateCOA_Bayern.svg>,74 907,66,1120,<img src=DistrictMap_Bayreuth_(Stadt).png>,<img src=blank_districts_map.png>
11000,Berlin,<img src=COA_Berlin.svg>,B,Berlin,<img src=StateFlag_Berlin.svg>,<img src=StateCOA_Berlin.svg>,3 662 381,891,4241,<img src=DistrictMap_Berlin.png>,<img src=blank_districts_map.png>
5711,Bielefeld,<img src=COA_Bielefeld.svg>,BI,Nordrhein-Westfalen,<img src=StateFlag_Nordrhein-Westfalen.svg>,<img src=StateCOA_Nordrhein-Westfalen.svg>,331 519,258,1281,<img src=DistrictMap_Bielefeld.png>,<img src=blank_districts_map.png>
5911,Bochum,<img src=COA_Bochum.svg>,"BO, WAT",Nordrhein-Westfalen,<img src=StateFlag_Nordrhein-Westfalen.svg>,<img src=StateCOA_Nordrhein-Westfalen.svg>,357 024,145,2451,<img src=DistrictMap_Bochum.png>,<img src=blank_districts_map.png>
5314,Bonn,<img src=COA_Bonn.svg>,BN,Nordrhein-Westfalen,<img src=StateFlag_Nordrhein-Westfalen.svg>,<img src=StateCOA_Nordrhein-Westfalen.svg>,321 680,141,2280,<img src=DistrictMap_Bonn.png>,<img src=blank_districts_map.png>
5512,Bottrop,<img src=COA_Bottrop.svg>,BOT,Nordrhein-Westfalen,<img src=StateFlag_Nordrhein-Westfalen.svg>,<img src=StateCOA_Nordrhein-Westfalen.svg>,118 912,100,1182,<img src=DistrictMap_Bottrop.png>,<img src=blank_districts_map.png>
12051,Brandenburg an der Havel,<img src=COA_Brandenburg.svg>,BRB,Brandenburg,<img src=StateFlag_Brandenburg.svg>,<img src=StateCOA_Brandenburg.svg>,73 921,229,322,<img src=DistrictMap_Brandenburg_an_der_Havel.png>,<img src=blank_districts_map.png>
3101,Braunschweig,<img src=COA_Braunschweig.svg>,BS,Niedersachsen,<img src=StateFlag_Niedersachsen.svg>,<img src=StateCOA_Niedersachsen.svg>,252 066,192,1308,<img src=DistrictMap_Braunschweig.png>,<img src=blank_districts_map.png>
4011,Bremen,<img src=COA_Bremen.svg>,HB,Bremen,<img src=StateFlag_Bremen.svg>,<img src=StateCOA_Bremen.svg>,584 332,318,1836,<img src=DistrictMap_Bremen.png>,<img src=blank_districts_map.png>
4012,Bremerhaven,<img src=COA_Bremerhaven.svg>,HB,Bremen,<img src=StateFlag_Bremen.svg>,<img src=StateCOA_Bremen.svg>,118 323,101,1167,<img src=DistrictMap_Bremerhaven.png>,<img src=blank_districts_map.png>
14511,Chemnitz,<img src=COA_Chemnitz.svg>,C,Sachsen,<img src=StateFlag_Sachsen.svg>,<img src=StateCOA_Sachsen.svg>,250 681,221,1134,<img src=DistrictMap_Chemnitz.png>,<img src=blank_districts_map.png>
9463,Coburg (Stadt),<img src=COA_Coburg.svg>,"CO, NEC",Bayern,<img src=StateFlag_Bayern.svg>,<img src=StateCOA_Bayern.svg>,42 139,48,873,<img src=DistrictMap_Coburg_(Stadt).png>,<img src=blank_districts_map.png>
12052,Cottbus,<img src=COA_Cottbus.svg>,CB,Brandenburg,<img src=StateFlag_Brandenburg.svg>,<img src=StateCOA_Brandenburg.svg>,100 010,165,604,<img src=DistrictMap_Cottbus.png>,<img src=blank_districts_map.png>
6411,Darmstadt,<img src=COA_Darmstadt.svg>,DA,Hessen,<img src=StateFlag_Hessen.svg>,<img src=StateCOA_Hessen.svg>,164 832,122,1350,<img src=DistrictMap_Darmstadt.png>,<img src=blank_districts_map.png>
3401,Delmenhorst,<img src=COA_Delmenhorst.svg>,DEL,Niedersachsen,<img src=StateFlag_Niedersachsen.svg>,<img src=StateCOA_Niedersachsen.svg>,78 979,62,1265,<img src=DistrictMap_Delmenhorst.png>,<img src=blank_districts_map.png>
15001,Dessau-Roßlau,<img src=COA_Dessau-Roßlau.svg>,"DE, RSL",Sachsen-Anhalt,<img src=StateFlag_Sachsen-Anhalt.svg>,<img src=StateCOA_Sachsen-Anhalt.svg>,76 062,244,311,<img src=DistrictMap_Dessau-Roßlau.png>,<img src=blank_districts_map.png>
5913,Dortmund,<img src=COA_Dortmund.svg>,DO,Nordrhein-Westfalen,<img src=StateFlag_Nordrhein-Westfalen.svg>,<img src=StateCOA_Nordrhein-Westfalen.svg>,601 343,280,2142,<img src=DistrictMap_Dortmund.png>,<img src=blank_districts_map.png>
14612,Dresden,<img src=COA_Dresden.svg>,DD,Sachsen,<img src=StateFlag_Sachsen.svg>,<img src=StateCOA_Sachsen.svg>,566 222,328,1724,<img src=DistrictMap_Dresden.png>,<img src=blank_districts_map.png>
5112,Duisburg,<img src=COA_Duisburg.svg>,DU,Nordrhein-Westfalen,<img src=StateFlag_Nordrhein-Westfalen.svg>,<img src=StateCOA_Nordrhein-Westfalen.svg>,503 185,232,2161,<img src=DistrictMap_Duisburg.png>,<img src=blank_districts_map.png>
5111,Düsseldorf,<img src=COA_Düsseldorf.svg>,D,Nordrhein-Westfalen,<img src=StateFlag_Nordrhein-Westfalen.svg>,<img src=StateCOA_Nordrhein-Westfalen.svg>,616 319,217,2835,<img src=DistrictMap_Düsseldorf.png>,<img src=blank_districts_map.png>
3402,Emden,<img src=COA_Emden.svg>,EMD,Niedersachsen,<img src=StateFlag_Niedersachsen.svg>,<img src=StateCOA_Niedersachsen.svg>,50 659,112,451,<img src=DistrictMap_Emden.png>,<img src=blank_districts_map.png>
16051,Erfurt,<img src=COA_Erfurt.svg>,EF,Thüringen,<img src=StateFlag_Thüringen.svg>,<img src=StateCOA_Thüringen.svg>,215 675,269,799,<img src=DistrictMap_Erfurt.png>,<img src=blank_districts_map.png>
9562,Erlangen,<img src=COA_Erlangen.svg>,ER,Bayern,<img src=StateFlag_Bayern.svg>,<img src=StateCOA_Bayern.svg>,117 806,76,1531,<img src=DistrictMap_Erlangen.png>,<img src=blank_districts_map.png>
5113,Essen,<img src=COA_Essen.svg>,E,Nordrhein-Westfalen,<img src=StateFlag_Nordrhein-Westfalen.svg>,<img src=StateCOA_Nordrhein-Westfalen.svg>,574 082,210,2729,<img src=DistrictMap_Essen.png>,<img src=blank_districts_map.png>
1001,Flensburg,<img src=COA_Flensburg.svg>,FL,Schleswig-Holstein,<img src=StateFlag_Schleswig-Holstein.svg>,<img src=StateCOA_Schleswig-Holstein.svg>,96 431,56,1700,<img src=DistrictMap_Flensburg.png>,<img src=blank_districts_map.png>
7311,Frankenthal (Pfalz),<img src=COA_Frankenthal.svg>,FT,Rheinland-Pfalz,<img src=StateFlag_Rheinland-Pfalz.svg>,<img src=StateCOA_Rheinland-Pfalz.svg>,49 122,43,1119,<img src=DistrictMap_Frankenthal_(Pfalz).png>,<img src=blank_districts_map.png>
12053,Frankfurt (Oder),<img src=COA_Frankfurt.svg>,FF,Brandenburg,<img src=StateFlag_Brandenburg.svg>,<img src=StateCOA_Brandenburg.svg>,58 818,147,398,<img src=DistrictMap_Frankfurt_(Oder).png>,<img src=blank_districts_map.png>
6412,Frankfurt am Main,<img src=COA_Frankfurt.svg>,F,Hessen,<img src=StateFlag_Hessen.svg>,<img src=StateCOA_Hessen.svg>,749 596,248,3019,<img src=DistrictMap_Frankfurt_am_Main.png>,<img src=blank_districts_map.png>
8311,Freiburg im Breisgau,<img src=COA_Freiburg.svg>,FR,Baden-Württemberg,<img src=StateFlag_Baden-Württemberg.svg>,<img src=StateCOA_Baden-Württemberg.svg>,237 244,153,1550,<img src=DistrictMap_Freiburg_im_Breisgau.png>,<img src=blank_districts_map.png>
9563,Fürth (Stadt),<img src=COA_Fürth.svg>,FÜ,Bayern,<img src=StateFlag_Bayern.svg>,<img src=StateCOA_Bayern.svg>,132 032,63,2084,<img src=DistrictMap_Fürth_(Stadt).png>,<img src=blank_districts_map.png>
5513,Gelsenkirchen,<img src=COA_Gelsenkirchen.svg>,GE,Nordrhein-Westfalen,<img src=StateFlag_Nordrhein-Westfalen.svg>,<img src=StateCOA_Nordrhein-Westfalen.svg>,267 284,104,2547,<img src=DistrictMap_Gelsenkirchen.png>,<img src=blank_districts_map.png>
16052,Gera,<img src=COA_Gera.svg>,G,Thüringen,<img src=StateFlag_Thüringen.svg>,<img src=StateCOA_Thüringen.svg>,94 847,152,623,<img src=DistrictMap_Gera.png>,<img src=blank_districts_map.png>
5914,Hagen,<img src=COA_Hagen.svg>,HA,Nordrhein-Westfalen,<img src=StateFlag_Nordrhein-Westfalen.svg>,<img src=StateCOA_Nordrhein-Westfalen.svg>,190 640,160,1188,<img src=DistrictMap_Hagen.png>,<img src=blank_districts_map.png>
15002,Halle (Saale),<img src=COA_Halle.svg>,HAL,Sachsen-Anhalt,<img src=StateFlag_Sachsen-Anhalt.svg>,<img src=StateCOA_Sachsen-Anhalt.svg>,227 639,135,1686,<img src=DistrictMap_Halle_(Saale).png>,<img src=blank_districts_map.png>
2000,Hamburg,<img src=COA_Hamburg.svg>,HH,Hamburg,<img src=StateFlag_Hamburg.svg>,<img src=StateCOA_Hamburg.svg>,1 910 160,755,2601,<img src=DistrictMap_Hamburg.png>,<img src=blank_districts_map.png>
5915,Hamm,<img src=COA_Hamm.svg>,HAM,Nordrhein-Westfalen,<img src=StateFlag_Nordrhein-Westfalen.svg>,<img src=StateCOA_Nordrhein-Westfalen.svg>,179 380,226,792,<img src=DistrictMap_Hamm.png>,<img src=blank_districts_map.png>
8221,Heidelberg,<img src=COA_Heidelberg.svg>,HD,Baden-Württemberg,<img src=StateFlag_Baden-Württemberg.svg>,<img src=StateCOA_Baden-Württemberg.svg>,162 960,108,1497,<img src=DistrictMap_Heidelberg.png>,<img src=blank_districts_map.png>
8121,Heilbronn (Stadt),<img src=COA_Heilbronn.svg>,HN,Baden-Württemberg,<img src=StateFlag_Baden-Württemberg.svg>,<img src=StateCOA_Baden-Württemberg.svg>,130 093,99,1302,<img src=DistrictMap_Heilbronn_(Stadt).png>,<img src=blank_districts_map.png>
5916,Herne,<img src=COA_Herne.svg>,"HER, WAN",Nordrhein-Westfalen,<img src=StateFlag_Nordrhein-Westfalen.svg>,<img src=StateCOA_Nordrhein-Westfalen.svg>,156 154,51,3037,<img src=DistrictMap_Herne.png>,<img src=blank_districts_map.png>
9464,Hof (Stadt),<img src=COA_Hof.svg>,HO,Bayern,<img src=StateFlag_Bayern.svg>,<img src=StateCOA_Bayern.svg>,46 963,58,809,<img src=DistrictMap_Hof_(Stadt).png>,<img src=blank_districts_map.png>
9161,Ingolstadt,<img src=COA_Ingolstadt.svg>,IN,Bayern,<img src=StateFlag_Bayern.svg>,<img src=StateCOA_Bayern.svg>,142 308,133,1067,<img src=DistrictMap_Ingolstadt.png>,<img src=blank_districts_map.png>
16053,Jena,<img src=COA_Jena.svg>,J,Thüringen,<img src=StateFlag_Thüringen.svg>,<img src=StateCOA_Thüringen.svg>,110 791,114,965,<img src=DistrictMap_Jena.png>,<img src=blank_districts_map.png>
7312,Kaiserslautern (Stadt),<img src=COA_Kaiserslautern.svg>,KL,Rheinland-Pfalz,<img src=StateFlag_Rheinland-Pfalz.svg>,<img src=StateCOA_Rheinland-Pfalz.svg>,101 486,139,726,<img src=DistrictMap_Kaiserslautern_(Stadt).png>,<img src=blank_districts_map.png>
8212,Karlsruhe (Stadt),<img src=COA_Karlsruhe.svg>,KA,Baden-Württemberg,<img src=StateFlag_Baden-Württemberg.svg>,<img src=StateCOA_Baden-Württemberg.svg>,309 964,173,1787,<img src=DistrictMap_Karlsruhe_(Stadt).png>,<img src=blank_districts_map.png>
6611,Kassel (Stadt),<img src=COA_Kassel.svg>,KS,Hessen,<img src=StateFlag_Hessen.svg>,<img src=StateCOA_Hessen.svg>,197 065,106,1845,<img src=DistrictMap_Kassel_(Stadt).png>,<img src=blank_districts_map.png>
9762,Kaufbeuren,<img src=COA_Kaufbeuren.svg>,KF,Bayern,<img src=StateFlag_Bayern.svg>,<img src=StateCOA_Bayern.svg>,46 386,40,1159,<img src=DistrictMap_Kaufbeuren.png>,<img src=blank_districts_map.png>
9763,Kempten (Allgäu),<img src=COA_Kempten.svg>,KE,Bayern,<img src=StateFlag_Bayern.svg>,<img src=StateCOA_Bayern.svg>,70 713,63,1117,<img src=DistrictMap_Kempten_(Allgäu).png>,<img src=blank_districts_map.png>
1002,Kiel,<img src=COA_Kiel.svg>,KI,Schleswig-Holstein,<img src=StateFlag_Schleswig-Holstein.svg>,<img src=StateCOA_Schleswig-Holstein.svg>,251 751,118,2122,<img src=DistrictMap_Kiel.png>,<img src=blank_districts_map.png>
7111,Koblenz,<img src=COA_Koblenz.svg>,KO,Rheinland-Pfalz,<img src=StateFlag_Rheinland-Pfalz.svg>,<img src=StateCOA_Rheinland-Pfalz.svg>,115 298,105,1095,<img src=DistrictMap_Koblenz.png>,<img src=blank_districts_map.png>
5315,Köln,<img src=COA_Köln.svg>,K,Nordrhein-Westfalen,<img src=StateFlag_Nordrhein-Westfalen.svg>,<img src=StateCOA_Nordrhein-Westfalen.svg>,1 024 408,405,2529,<img src=DistrictMap_Köln.png>,<img src=blank_districts_map.png>
5114,Krefeld,<img src=COA_Krefeld.svg>,KR,Nordrhein-Westfalen,<img src=StateFlag_Nordrhein-Westfalen.svg>,<img src=StateCOA_Nordrhein-Westfalen.svg>,230 393,137,1672,<img src=DistrictMap_Krefeld.png>,<img src=blank_districts_map.png>
7313,Landau in der Pfalz,<img src=COA_Landau.svg>,LD,Rheinland-Pfalz,<img src=StateFlag_Rheinland-Pfalz.svg>,<img src=StateCOA_Rheinland-Pfalz.svg>,48 341,82,583,<img src=DistrictMap_Landau_in_der_Pfalz.png>,<img src=blank_districts_map.png>
9261,Landshut (Stadt),<img src=COA_Landshut.svg>,LA,Bayern,<img src=StateFlag_Bayern.svg>,<img src=StateCOA_Bayern.svg>,75 272,65,1143,<img src=DistrictMap_Landshut_(Stadt).png>,<img src=blank_districts_map.png>
14713,Leipzig (Stadt),<img src=COA_Leipzig.svg>,L,Sachsen,<img src=StateFlag_Sachsen.svg>,<img src=StateCOA_Sachsen.svg>,619 879,297,2082,<img src=DistrictMap_Leipzig_(Stadt).png>,<img src=blank_districts_map.png>
5316,Leverkusen,<img src=COA_Leverkusen.svg>,"LEV, OP",Nordrhein-Westfalen,<img src=StateFlag_Nordrhein-Westfalen.svg>,<img src=StateCOA_Nordrhein-Westfalen.svg>,167 850,78,2128,<img src=DistrictMap_Leverkusen.png>,<img src=blank_districts_map.png>
1003,Lübeck,<img src=COA_Lübeck.svg>,HL,Schleswig-Holstein,<img src=StateFlag_Schleswig-Holstein.svg>,<img src=StateCOA_Schleswig-Holstein.svg>,217 061,214,1013,<img src=DistrictMap_Lübeck.png>,<img src=blank_districts_map.png>
7314,Ludwigshafen am Rhein,<img src=COA_Ludwigshafen.svg>,LU,Rheinland-Pfalz,<img src=StateFlag_Rheinland-Pfalz.svg>,<img src=StateCOA_Rheinland-Pfalz.svg>,176 110,77,2274,<img src=DistrictMap_Ludwigshafen_am_Rhein.png>,<img src=blank_districts_map.png>
15003,Magdeburg,<img src=COA_Magdeburg.svg>,MD,Sachsen-Anhalt,<img src=StateFlag_Sachsen-Anhalt.svg>,<img src=StateCOA_Sachsen-Anhalt.svg>,242 491,201,1206,<img src=DistrictMap_Magdeburg.png>,<img src=blank_districts_map.png>
7315,Mainz,<img src=COA_Mainz.svg>,MZ,Rheinland-Pfalz,<img src=StateFlag_Rheinland-Pfalz.svg>,<img src=StateCOA_Rheinland-Pfalz.svg>,222 889,97,2281,<img src=DistrictMap_Mainz.png>,<img src=blank_districts_map.png>
8222,Mannheim,<img src=COA_Mannheim.svg>,MA,Baden-Württemberg,<img src=StateFlag_Baden-Württemberg.svg>,<img src=StateCOA_Baden-Württemberg.svg>,316 877,144,2186,<img src=DistrictMap_Mannheim.png>,<img src=blank_districts_map.png>
9764,Memmingen,<img src=COA_Memmingen.svg>,MM,Bayern,<img src=StateFlag_Bayern.svg>,<img src=StateCOA_Bayern.svg>,46 178,70,659,<img src=DistrictMap_Memmingen.png>,<img src=blank_districts_map.png>
5116,Mönchengladbach,<img src=COA_Mönchengladbach.svg>,MG,Nordrhein-Westfalen,<img src=StateFlag_Nordrhein-Westfalen.svg>,<img src=StateCOA_Nordrhein-Westfalen.svg>,267 667,170,1570,<img src=DistrictMap_Mönchengladbach.png>,<img src=blank_districts_map.png>
5117,Mülheim an der Ruhr,<img src=COA_Mülheim.svg>,MH,Nordrhein-Westfalen,<img src=StateFlag_Nordrhein-Westfalen.svg>,<img src=StateCOA_Nordrhein-Westfalen.svg>,172 887,91,1894,<img src=DistrictMap_Mülheim_an_der_Ruhr.png>,<img src=blank_districts_map.png>
9162,München (Stadt),<img src=COA_München.svg>,"M, MUC",Bayern,<img src=StateFlag_Bayern.svg>,<img src=StateCOA_Bayern.svg>,1 510 378,310,4861,<img src=DistrictMap_München_(Stadt).png>,<img src=blank_districts_map.png>
5515,Münster,<img src=COA_Münster.svg>,MS,Nordrhein-Westfalen,<img src=StateFlag_Nordrhein-Westfalen.svg>,<img src=StateCOA_Nordrhein-Westfalen.svg>,307 071,303,1013,<img src=DistrictMap_Münster.png>,<img src=blank_districts_map.png>
1004,Neumünster,<img src=COA_Neumünster.svg>,NMS,Schleswig-Holstein,<img src=StateFlag_Schleswig-Holstein.svg>,<img src=StateCOA_Schleswig-Holstein.svg>,79 461,71,1109,<img src=DistrictMap_Neumünster.png>,<img src=blank_districts_map.png>
7316,Neustadt an der Weinstraße,<img src=COA_Neustadt.svg>,NW,Rheinland-Pfalz,<img src=StateFlag_Rheinland-Pfalz.svg>,<img src=StateCOA_Rheinland-Pfalz.svg>,53 920,117,461,<img src=DistrictMap_Neustadt_an_der_Weinstraße.png>,<img src=blank_districts_map.png>
9564,Nürnberg,<img src=COA_Nürnberg.svg>,N,Bayern,<img src=StateFlag_Bayern.svg>,<img src=StateCOA_Bayern.svg>,526 091,186,2822,<img src=DistrictMap_Nürnberg.png>,<img src=blank_districts_map.png>
5119,Oberhausen,<img src=COA_Oberhausen.svg>,OB,Nordrhein-Westfalen,<img src=StateFlag_Nordrhein-Westfalen.svg>,<img src=StateCOA_Nordrhein-Westfalen.svg>,213 510,77,2770,<img src=DistrictMap_Oberhausen.png>,<img src=blank_districts_map.png>
6413,Offenbach am Main,<img src=COA_Offenbach.svg>,OF,Hessen,<img src=StateFlag_Hessen.svg>,<img src=StateCOA_Hessen.svg>,131 845,44,2938,<img src=DistrictMap_Offenbach_am_Main.png>,<img src=blank_districts_map.png>
3403,Oldenburg (Stadt),<img src=COA_Oldenburg.svg>,OL,Niedersachsen,<img src=StateFlag_Niedersachsen.svg>,<img src=StateCOA_Niedersachsen.svg>,174 629,103,1694,<img src=DistrictMap_Oldenburg_(Stadt).png>,<img src=blank_districts_map.png>
3404,Osnabrück (Stadt),<img src=COA_Osnabrück.svg>,OS,Niedersachsen,<img src=StateFlag_Niedersachsen.svg>,<img src=StateCOA_Niedersachsen.svg>,166 960,119,1394,<img src=DistrictMap_Osnabrück_(Stadt).png>,<img src=blank_districts_map.png>
9262,Passau (Stadt),<img src=COA_Passau.svg>,PA,Bayern,<img src=StateFlag_Bayern.svg>,<img src=StateCOA_Bayern.svg>,54 401,69,782,<img src=DistrictMap_Passau_(Stadt).png>,<img src=blank_districts_map.png>
8231,Pforzheim,<img src=COA_Pforzheim.svg>,PF,Baden-Württemberg,<img src=StateFlag_Baden-Württemberg.svg>,<img src=StateCOA_Baden-Württemberg.svg>,128 992,97,1316,<img src=DistrictMap_Pforzheim.png>,<img src=blank_districts_map.png>
7317,Pirmasens,<img src=COA_Pirmasens.svg>,PS,Rheinland-Pfalz,<img src=StateFlag_Rheinland-Pfalz.svg>,<img src=StateCOA_Rheinland-Pfalz.svg>,40 941,61,667,<img src=DistrictMap_Pirmasens.png>,<img src=blank_districts_map.png>
12054,Potsdam,<img src=COA_Potsdam.svg>,P,Brandenburg,<img src=StateFlag_Brandenburg.svg>,<img src=StateCOA_Brandenburg.svg>,187 119,188,994,<img src=DistrictMap_Potsdam.png>,<img src=blank_districts_map.png>
9362,Regensburg (Stadt),<img src=COA_Regensburg.svg>,R,Bayern,<img src=StateFlag_Bayern.svg>,<img src=StateCOA_Bayern.svg>,159 465,80,1972,<img src=DistrictMap_Regensburg_(Stadt).png>,<img src=blank_districts_map.png>
5120,Remscheid,<img src=COA_Remscheid.svg>,RS,Nordrhein-Westfalen,<img src=StateFlag_Nordrhein-Westfalen.svg>,<img src=StateCOA_Nordrhein-Westfalen.svg>,114 061,74,1531,<img src=DistrictMap_Remscheid.png>,<img src=blank_districts_map.png>
9163,Rosenheim (Stadt),<img src=COA_Rosenheim.svg>,RO,Bayern,<img src=StateFlag_Bayern.svg>,<img src=StateCOA_Bayern.svg>,65 192,37,1752,<img src=DistrictMap_Rosenheim_(Stadt).png>,<img src=blank_districts_map.png>
13003,Rostock (Stadt),<img src=COA_Rostock.svg>,HRO,Mecklenburg-Vorpommern,<img src=StateFlag_Mecklenburg-Vorpommern.svg>,<img src=StateCOA_Mecklenburg-Vorpommern.svg>,210 795,181,1162,<img src=DistrictMap_Rostock_(Stadt).png>,<img src=blank_districts_map.png>
3102,Salzgitter,<img src=COA_Salzgitter.svg>,SZ,Niedersachsen,<img src=StateFlag_Niedersachsen.svg>,<img src=StateCOA_Niedersachsen.svg>,105 039,224,468,<img src=DistrictMap_Salzgitter.png>,<img src=blank_districts_map.png>
9565,Schwabach,<img src=COA_Schwabach.svg>,SC,Bayern,<img src=StateFlag_Bayern.svg>,<img src=StateCOA_Bayern.svg>,41 380,40,1014,<img src=DistrictMap_Schwabach.png>,<img src=blank_districts_map.png>
9662,Schweinfurt (Stadt),<img src=COA_Schweinfurt.svg>,SW,Bayern,<img src=StateFlag_Bayern.svg>,<img src=StateCOA_Bayern.svg>,55 067,35,1542,<img src=DistrictMap_Schweinfurt_(Stadt).png>,<img src=blank_districts_map.png>
13004,Schwerin,<img src=COA_Schwerin.svg>,SN,Mecklenburg-Vorpommern,<img src=StateFlag_Mecklenburg-Vorpommern.svg>,<img src=StateCOA_Mecklenburg-Vorpommern.svg>,98 733,130,756,<img src=DistrictMap_Schwerin.png>,<img src=blank_districts_map.png>
5122,Solingen,<img src=COA_Solingen.svg>,SG,Nordrhein-Westfalen,<img src=StateFlag_Nordrhein-Westfalen.svg>,<img src=StateCOA_Nordrhein-Westfalen.svg>,166 078,89,1855,<img src=DistrictMap_Solingen.png>,<img src=blank_districts_map.png>
7318,Speyer,<img src=COA_Speyer.svg>,SP,Rheinland-Pfalz,<img src=StateFlag_Rheinland-Pfalz.svg>,<img src=StateCOA_Rheinland-Pfalz.svg>,51 203,42,1199,<img src=DistrictMap_Speyer.png>,<img src=blank_districts_map.png>
9263,Straubing,<img src=COA_Straubing.svg>,SR,Bayern,<img src=StateFlag_Bayern.svg>,<img src=StateCOA_Bayern.svg>,49 775,67,736,<img src=DistrictMap_Straubing.png>,<img src=blank_districts_map.png>
8111,Stuttgart,<img src=COA_Stuttgart.svg>,S,Baden-Württemberg,<img src=StateFlag_Baden-Württemberg.svg>,<img src=StateCOA_Baden-Württemberg.svg>,633 484,207,3056,<img src=DistrictMap_Stuttgart.png>,<img src=blank_districts_map.png>
16054,Suhl,<img src=COA_Suhl.svg>,SHL,Thüringen,<img src=StateFlag_Thüringen.svg>,<img src=StateCOA_Thüringen.svg>,36 986,141,261,<img src=DistrictMap_Suhl.png>,<img src=blank_districts_map.png>
7211,Trier,<img src=COA_Trier.svg>,TR,Rheinland-Pfalz,<img src=StateFlag_Rheinland-Pfalz.svg>,<img src=StateCOA_Rheinland-Pfalz.svg>,112 737,117,963,<img src=DistrictMap_Trier.png>,<img src=blank_districts_map.png>
8421,Ulm,<img src=COA_Ulm.svg>,UL,Baden-Württemberg,<img src=StateFlag_Baden-Württemberg.svg>,<img src=StateCOA_Baden-Württemberg.svg>,129 942,118,1095,<img src=DistrictMap_Ulm.png>,<img src=blank_districts_map.png>
9363,Weiden in der Oberpfalz,<img src=COA_Weiden.svg>,WEN,Bayern,<img src=StateFlag_Bayern.svg>,<img src=StateCOA_Bayern.svg>,43 188,70,612,<img src=DistrictMap_Weiden_in_der_Oberpfalz.png>,<img src=blank_districts_map.png>
16055,Weimar,<img src=COA_Weimar.svg>,WE,Thüringen,<img src=StateFlag_Thüringen.svg>,<img src=StateCOA_Thüringen.svg>,65 611,84,777,<img src=DistrictMap_Weimar.png>,<img src=blank_districts_map.png>
6414,Wiesbaden,<img src=COA_Wiesbaden.svg>,WI,Hessen,<img src=StateFlag_Hessen.svg>,<img src=StateCOA_Hessen.svg>,287 241,203,1409,<img src=DistrictMap_Wiesbaden.png>,<img src=blank_districts_map.png>
3405,Wilhelmshaven,<img src=COA_Wilhelmshaven.svg>,WHV,Niedersachsen,<img src=StateFlag_Niedersachsen.svg>,<img src=StateCOA_Niedersachsen.svg>,76 247,107,712,<img src=DistrictMap_Wilhelmshaven.png>,<img src=blank_districts_map.png>
3103,Wolfsburg,<img src=COA_Wolfsburg.svg>,WOB,Niedersachsen,<img src=StateFlag_Niedersachsen.svg>,<img src=StateCOA_Niedersachsen.svg>,127 256,204,622,<img src=DistrictMap_Wolfsburg.png>,<img src=blank_districts_map.png>
7319,Worms,<img src=COA_Worms.svg>,WO,Rheinland-Pfalz,<img src=StateFlag_Rheinland-Pfalz.svg>,<img src=StateCOA_Rheinland-Pfalz.svg>,85 609,108,787,<img src=DistrictMap_Worms.png>,<img src=blank_districts_map.png>
5124,Wuppertal,<img src=COA_Wuppertal.svg>,W,Nordrhein-Westfalen,<img src=StateFlag_Nordrhein-Westfalen.svg>,<img src=StateCOA_Nordrhein-Westfalen.svg>,358 592,168,2130,<img src=DistrictMap_Wuppertal.png>,<img src=blank_districts_map.png>
9663,Würzburg (Stadt),<img src=COA_Würzburg.svg>,WÜ,Bayern,<img src=StateFlag_Bayern.svg>,<img src=StateCOA_Bayern.svg>,128 246,87,1464,<img src=DistrictMap_Würzburg_(Stadt).png>,<img src=blank_districts_map.png>
7320,Zweibrücken,<img src=COA_Zweibrücken.svg>,ZW,Rheinland-Pfalz,<img src=StateFlag_Rheinland-Pfalz.svg>,<img src=StateCOA_Rheinland-Pfalz.svg>,34 613,70,490,<img src=DistrictMap_Zweibrücken.png>,<img src=blank_districts_map.png>
