5334	Städteregion Aachen	<img src=COA_Städteregion_Aachen.svg>	AC, MON	Nordrhein-Westfalen	<img src=StateFlag_Nordrhein-Westfalen.svg>	<img src=StateCOA_Nordrhein-Westfalen.svg>	582 410	706	824	<img src=DistrictMap_Städteregion_Aachen.png>	<img src=blank_districts_map.png>
7131	Ahrweiler	<img src=COA_Ahrweiler.svg>	AW	Rheinland-Pfalz	<img src=StateFlag_Rheinland-Pfalz.svg>	<img src=StateCOA_Rheinland-Pfalz.svg>	129 353	787	164	<img src=DistrictMap_Ahrweiler.png>	<img src=blank_districts_map.png>
9771	Aichach-Friedberg	<img src=COA_Aichach-Friedberg.svg>	AIC, FDB	Bayern	<img src=StateFlag_Bayern.svg>	<img src=StateCOA_Bayern.svg>	136 803	780	175	<img src=DistrictMap_Aichach-Friedberg.png>	<img src=blank_districts_map.png>
8425	Alb-Donau-Kreis	<img src=COA_Alb-Donau-Kreis.svg>	UL	Baden-Württemberg	<img src=StateFlag_Baden-Württemberg.svg>	<img src=StateCOA_Baden-Württemberg.svg>	202 354	1 358	149	<img src=DistrictMap_Alb-Donau-Kreis.png>	<img src=blank_districts_map.png>
16077	Altenburger Land	<img src=COA_Altenburger_Land.svg>	ABG, SLN	Thüringen	<img src=StateFlag_Thüringen.svg>	<img src=StateCOA_Thüringen.svg>	87 508	569	154	<img src=DistrictMap_Altenburger_Land.png>	<img src=blank_districts_map.png>
7132	Altenkirchen (Westerwald)	<img src=COA_Altenkirchen_(Westerwald).svg>	AK	Rheinland-Pfalz	<img src=StateFlag_Rheinland-Pfalz.svg>	<img src=StateCOA_Rheinland-Pfalz.svg>	132 125	642	206	<img src=DistrictMap_Altenkirchen_(Westerwald).png>	<img src=blank_districts_map.png>
15081	Altmarkkreis Salzwedel	<img src=COA_Altmarkkreis_Salzwedel.svg>	SAW, GA, KLZ	Sachsen-Anhalt	<img src=StateFlag_Sachsen-Anhalt.svg>	<img src=StateCOA_Sachsen-Anhalt.svg>	79 980	2 294	35	<img src=DistrictMap_Altmarkkreis_Salzwedel.png>	<img src=blank_districts_map.png>
9171	Altötting	<img src=COA_Altötting.svg>	AÖ, LF	Bayern	<img src=StateFlag_Bayern.svg>	<img src=StateCOA_Bayern.svg>	113 938	569	200	<img src=DistrictMap_Altötting.png>	<img src=blank_districts_map.png>
7331	Alzey-Worms	<img src=COA_Alzey-Worms.svg>	AZ	Rheinland-Pfalz	<img src=StateFlag_Rheinland-Pfalz.svg>	<img src=StateCOA_Rheinland-Pfalz.svg>	131 238	588	223	<img src=DistrictMap_Alzey-Worms.png>	<img src=blank_districts_map.png>
9371	Amberg-Sulzbach	<img src=COA_Amberg-Sulzbach.svg>	AS, BUL, ESB, NAB, SUL	Bayern	<img src=StateFlag_Bayern.svg>	<img src=StateCOA_Bayern.svg>	103 982	1 255	83	<img src=DistrictMap_Amberg-Sulzbach.png>	<img src=blank_districts_map.png>
3451	Ammerland	<img src=COA_Ammerland.svg>	WST	Niedersachsen	<img src=StateFlag_Niedersachsen.svg>	<img src=StateCOA_Niedersachsen.svg>	127 751	730	175	<img src=DistrictMap_Ammerland.png>	<img src=blank_districts_map.png>
15082	Anhalt-Bitterfeld	<img src=COA_Anhalt-Bitterfeld.svg>	ABI, AZE, BTF, KÖT, ZE	Sachsen-Anhalt	<img src=StateFlag_Sachsen-Anhalt.svg>	<img src=StateCOA_Sachsen-Anhalt.svg>	153 035	1 454	105	<img src=DistrictMap_Anhalt-Bitterfeld.png>	<img src=blank_districts_map.png>
9571	Ansbach (Kreis)	<img src=COA_Ansbach.svg>	AN, DKB, FEU, ROT	Bayern	<img src=StateFlag_Bayern.svg>	<img src=StateCOA_Bayern.svg>	187 633	1 971	95	<img src=DistrictMap_Ansbach_(Kreis).png>	<img src=blank_districts_map.png>
9671	Aschaffenburg (Kreis)	<img src=COA_Aschaffenburg.svg>	AB, ALZ	Bayern	<img src=StateFlag_Bayern.svg>	<img src=StateCOA_Bayern.svg>	170 945	698	245	<img src=DistrictMap_Aschaffenburg_(Kreis).png>	<img src=blank_districts_map.png>
9772	Augsburg (Kreis)	<img src=COA_Augsburg.svg>	A, SMÜ, WER	Bayern	<img src=StateFlag_Bayern.svg>	<img src=StateCOA_Bayern.svg>	262 811	1 070	245	<img src=DistrictMap_Augsburg_(Kreis).png>	<img src=blank_districts_map.png>
3452	Aurich	<img src=COA_Aurich.svg>	AUR, NOR	Niedersachsen	<img src=StateFlag_Niedersachsen.svg>	<img src=StateCOA_Niedersachsen.svg>	188 816	1 287	147	<img src=DistrictMap_Aurich.png>	<img src=blank_districts_map.png>
7332	Bad Dürkheim	<img src=COA_Bad_Dürkheim.svg>	DÜW	Rheinland-Pfalz	<img src=StateFlag_Rheinland-Pfalz.svg>	<img src=StateCOA_Rheinland-Pfalz.svg>	134 329	594	226	<img src=DistrictMap_Bad_Dürkheim.png>	<img src=blank_districts_map.png>
9672	Bad Kissingen	<img src=COA_Bad_Kissingen.svg>	KG, BRK, HAB	Bayern	<img src=StateFlag_Bayern.svg>	<img src=StateCOA_Bayern.svg>	103 489	1 136	91	<img src=DistrictMap_Bad_Kissingen.png>	<img src=blank_districts_map.png>
7133	Bad Kreuznach	<img src=COA_Bad_Kreuznach.svg>	KH	Rheinland-Pfalz	<img src=StateFlag_Rheinland-Pfalz.svg>	<img src=StateCOA_Rheinland-Pfalz.svg>	164 748	863	191	<img src=DistrictMap_Bad_Kreuznach.png>	<img src=blank_districts_map.png>
9173	Bad Tölz-Wolfratshausen	<img src=COA_Bad_Tölz-Wolfratshausen.svg>	TÖL, WOR	Bayern	<img src=StateFlag_Bayern.svg>	<img src=StateCOA_Bayern.svg>	130 248	1 110	117	<img src=DistrictMap_Bad_Tölz-Wolfratshausen.png>	<img src=blank_districts_map.png>
9471	Bamberg (Kreis)	<img src=COA_Bamberg.svg>	BA	Bayern	<img src=StateFlag_Bayern.svg>	<img src=StateCOA_Bayern.svg>	147 777	1 167	127	<img src=DistrictMap_Bamberg_(Kreis).png>	<img src=blank_districts_map.png>
12060	Barnim	<img src=COA_Barnim.svg>	BAR, BER, EW	Brandenburg	<img src=StateFlag_Brandenburg.svg>	<img src=StateCOA_Brandenburg.svg>	194 169	1 479	131	<img src=DistrictMap_Barnim.png>	<img src=blank_districts_map.png>
14625	Bautzen	<img src=COA_Bautzen.svg>	BZ, BIW, HY, KM	Sachsen	<img src=StateFlag_Sachsen.svg>	<img src=StateCOA_Sachsen.svg>	292 608	2 395	122	<img src=DistrictMap_Bautzen.png>	<img src=blank_districts_map.png>
9472	Bayreuth (Kreis)	<img src=COA_Bayreuth.svg>	BT, EBS, ESB, KEM, MÜB, PEG	Bayern	<img src=StateFlag_Bayern.svg>	<img src=StateCOA_Bayern.svg>	103 215	1 273	81	<img src=DistrictMap_Bayreuth_(Kreis).png>	<img src=blank_districts_map.png>
9172	Berchtesgadener Land	<img src=COA_Berchtesgadener_Land.svg>	BGL, BGD, LF, REI	Bayern	<img src=StateFlag_Bayern.svg>	<img src=StateCOA_Bayern.svg>	105 292	839	125	<img src=DistrictMap_Berchtesgadener_Land.png>	<img src=blank_districts_map.png>
6431	Bergstraße	<img src=COA_Bergstraße.svg>	HP	Hessen	<img src=StateFlag_Hessen.svg>	<img src=StateCOA_Hessen.svg>	274 169	719	381	<img src=DistrictMap_Bergstraße.png>	<img src=blank_districts_map.png>
7231	Bernkastel-Wittlich	<img src=COA_Bernkastel-Wittlich.svg>	WIL, BKS	Rheinland-Pfalz	<img src=StateFlag_Rheinland-Pfalz.svg>	<img src=StateCOA_Rheinland-Pfalz.svg>	113 187	1 167	97	<img src=DistrictMap_Bernkastel-Wittlich.png>	<img src=blank_districts_map.png>
8426	Biberach	<img src=COA_Biberach.svg>	BC	Baden-Württemberg	<img src=StateFlag_Baden-Württemberg.svg>	<img src=StateCOA_Baden-Württemberg.svg>	207 415	1 409	147	<img src=DistrictMap_Biberach.png>	<img src=blank_districts_map.png>
7134	Birkenfeld	<img src=COA_Birkenfeld.svg>	BIR	Rheinland-Pfalz	<img src=StateFlag_Rheinland-Pfalz.svg>	<img src=StateCOA_Rheinland-Pfalz.svg>	82 611	776	106	<img src=DistrictMap_Birkenfeld.png>	<img src=blank_districts_map.png>
8115	Böblingen	<img src=COA_Böblingen.svg>	BB, LEO	Baden-Württemberg	<img src=StateFlag_Baden-Württemberg.svg>	<img src=StateCOA_Baden-Württemberg.svg>	395 167	617	640	<img src=DistrictMap_Böblingen.png>	<img src=blank_districts_map.png>
8435	Bodenseekreis	<img src=COA_Bodenseekreis.svg>	FN, TT, ÜB	Baden-Württemberg	<img src=StateFlag_Baden-Württemberg.svg>	<img src=StateCOA_Baden-Württemberg.svg>	220 804	664	332	<img src=DistrictMap_Bodenseekreis.png>	<img src=blank_districts_map.png>
15083	Börde	<img src=COA_Börde.svg>	BK, BÖ, HDL, OC, OK, WMS, WZL	Sachsen-Anhalt	<img src=StateFlag_Sachsen-Anhalt.svg>	<img src=StateCOA_Sachsen-Anhalt.svg>	167 924	2 367	71	<img src=DistrictMap_Börde.png>	<img src=blank_districts_map.png>
5554	Borken	<img src=COA_Borken.svg>	BOR, AH, BOH	Nordrhein-Westfalen	<img src=StateFlag_Nordrhein-Westfalen.svg>	<img src=StateCOA_Nordrhein-Westfalen.svg>	380 796	1 420	268	<img src=DistrictMap_Borken.png>	<img src=blank_districts_map.png>
8315	Breisgau-Hochschwarzwald	<img src=COA_Breisgau-Hochschwarzwald.svg>	FR, MÜL, NEU	Baden-Württemberg	<img src=StateFlag_Baden-Württemberg.svg>	<img src=StateCOA_Baden-Württemberg.svg>	272 558	1 378	198	<img src=DistrictMap_Breisgau-Hochschwarzwald.png>	<img src=blank_districts_map.png>
15084	Burgenlandkreis	<img src=COA_Burgenlandkreis.svg>	BLK, HHM, NEB, NMB, WSF, ZZ	Sachsen-Anhalt	<img src=StateFlag_Sachsen-Anhalt.svg>	<img src=StateCOA_Sachsen-Anhalt.svg>	173 684	1 414	123	<img src=DistrictMap_Burgenlandkreis.png>	<img src=blank_districts_map.png>
8235	Calw	<img src=COA_Calw.svg>	CW	Baden-Württemberg	<img src=StateFlag_Baden-Württemberg.svg>	<img src=StateCOA_Baden-Württemberg.svg>	161 251	797	202	<img src=DistrictMap_Calw.png>	<img src=blank_districts_map.png>
3351	Celle	<img src=COA_Celle.svg>	CE	Niedersachsen	<img src=StateFlag_Niedersachsen.svg>	<img src=StateCOA_Niedersachsen.svg>	172 449	1 550	111	<img src=DistrictMap_Celle.png>	<img src=blank_districts_map.png>
9372	Cham	<img src=COA_Cham.svg>	CHA, KÖZ, ROD, WÜM	Bayern	<img src=StateFlag_Bayern.svg>	<img src=StateCOA_Bayern.svg>	128 534	1 526	84	<img src=DistrictMap_Cham.png>	<img src=blank_districts_map.png>
3453	Cloppenburg	<img src=COA_Cloppenburg.svg>	CLP	Niedersachsen	<img src=StateFlag_Niedersachsen.svg>	<img src=StateCOA_Niedersachsen.svg>	177 025	1 420	125	<img src=DistrictMap_Cloppenburg.png>	<img src=blank_districts_map.png>
9473	Coburg (Kreis)	<img src=COA_Coburg.svg>	CO, NEC	Bayern	<img src=StateFlag_Bayern.svg>	<img src=StateCOA_Bayern.svg>	84 468	590	143	<img src=DistrictMap_Coburg_(Kreis).png>	<img src=blank_districts_map.png>
7135	Cochem-Zell	<img src=COA_Cochem-Zell.svg>	COC, ZEL	Rheinland-Pfalz	<img src=StateFlag_Rheinland-Pfalz.svg>	<img src=StateCOA_Rheinland-Pfalz.svg>	61 608	692	89	<img src=DistrictMap_Cochem-Zell.png>	<img src=blank_districts_map.png>
5558	Coesfeld	<img src=COA_Coesfeld.svg>	COE, LH	Nordrhein-Westfalen	<img src=StateFlag_Nordrhein-Westfalen.svg>	<img src=StateCOA_Nordrhein-Westfalen.svg>	227 859	1 112	205	<img src=DistrictMap_Coesfeld.png>	<img src=blank_districts_map.png>
3352	Cuxhaven	<img src=COA_Cuxhaven.svg>	CUX	Niedersachsen	<img src=StateFlag_Niedersachsen.svg>	<img src=StateCOA_Niedersachsen.svg>	198 842	2 058	97	<img src=DistrictMap_Cuxhaven.png>	<img src=blank_districts_map.png>
9174	Dachau	<img src=COA_Dachau.svg>	DAH	Bayern	<img src=StateFlag_Bayern.svg>	<img src=StateCOA_Bayern.svg>	153 595	579	265	<img src=DistrictMap_Dachau.png>	<img src=blank_districts_map.png>
12061	Dahme-Spreewald	<img src=COA_Dahme-Spreewald.svg>	LDS, KW, LC, LN	Brandenburg	<img src=StateFlag_Brandenburg.svg>	<img src=StateCOA_Brandenburg.svg>	178 793	2 274	79	<img src=DistrictMap_Dahme-Spreewald.png>	<img src=blank_districts_map.png>
6432	Darmstadt-Dieburg	<img src=COA_Darmstadt-Dieburg.svg>	DA, DI	Hessen	<img src=StateFlag_Hessen.svg>	<img src=StateCOA_Hessen.svg>	302 021	658	459	<img src=DistrictMap_Darmstadt-Dieburg.png>	<img src=blank_districts_map.png>
9271	Deggendorf	<img src=COA_Deggendorf.svg>	DEG	Bayern	<img src=StateFlag_Bayern.svg>	<img src=StateCOA_Bayern.svg>	121 844	861	141	<img src=DistrictMap_Deggendorf.png>	<img src=blank_districts_map.png>
3251	Diepholz	<img src=COA_Diepholz.svg>	DH, SY	Niedersachsen	<img src=StateFlag_Niedersachsen.svg>	<img src=StateCOA_Niedersachsen.svg>	221 202	1 991	111	<img src=DistrictMap_Diepholz.png>	<img src=blank_districts_map.png>
9773	Dillingen an der Donau	<img src=COA_Dillingen_an_der_Donau.svg>	DLG, WER	Bayern	<img src=StateFlag_Bayern.svg>	<img src=StateCOA_Bayern.svg>	98 899	792	125	<img src=DistrictMap_Dillingen_an_der_Donau.png>	<img src=blank_districts_map.png>
9279	Dingolfing-Landau	<img src=COA_Dingolfing-Landau.svg>	DGF, LAN	Bayern	<img src=StateFlag_Bayern.svg>	<img src=StateCOA_Bayern.svg>	101 035	877	115	<img src=DistrictMap_Dingolfing-Landau.png>	<img src=blank_districts_map.png>
1051	Dithmarschen	<img src=COA_Dithmarschen.svg>	HEI, MED	Schleswig-Holstein	<img src=StateFlag_Schleswig-Holstein.svg>	<img src=StateCOA_Schleswig-Holstein.svg>	133 460	1 428	93	<img src=DistrictMap_Dithmarschen.png>	<img src=blank_districts_map.png>
9779	Donau-Ries	<img src=COA_Donau-Ries.svg>	DON, NÖ	Bayern	<img src=StateFlag_Bayern.svg>	<img src=StateCOA_Bayern.svg>	135 098	1 274	106	<img src=DistrictMap_Donau-Ries.png>	<img src=blank_districts_map.png>
7333	Donnersbergkreis	<img src=COA_Donnersbergkreis.svg>	KIB, ROK	Rheinland-Pfalz	<img src=StateFlag_Rheinland-Pfalz.svg>	<img src=StateCOA_Rheinland-Pfalz.svg>	74 783	645	116	<img src=DistrictMap_Donnersbergkreis.png>	<img src=blank_districts_map.png>
5358	Düren	<img src=COA_Düren.svg>	DN, JÜL, MON, SLE	Nordrhein-Westfalen	<img src=StateFlag_Nordrhein-Westfalen.svg>	<img src=StateCOA_Nordrhein-Westfalen.svg>	279 285	941	297	<img src=DistrictMap_Düren.png>	<img src=blank_districts_map.png>
9175	Ebersberg	<img src=COA_Ebersberg.svg>	EBE	Bayern	<img src=StateFlag_Bayern.svg>	<img src=StateCOA_Bayern.svg>	144 225	549	263	<img src=DistrictMap_Ebersberg.png>	<img src=blank_districts_map.png>
16061	Eichsfeld	<img src=COA_Eichsfeld.svg>	EIC, HIG, WBS	Thüringen	<img src=StateFlag_Thüringen.svg>	<img src=StateCOA_Thüringen.svg>	103 694	991	105	<img src=DistrictMap_Eichsfeld.png>	<img src=blank_districts_map.png>
9176	Eichstätt	<img src=COA_Eichstätt.svg>	EI	Bayern	<img src=StateFlag_Bayern.svg>	<img src=StateCOA_Bayern.svg>	135 668	1 213	112	<img src=DistrictMap_Eichstätt.png>	<img src=blank_districts_map.png>
7232	Eifelkreis Bitburg-Prüm	<img src=COA_Eifelkreis_Bitburg-Prüm.svg>	BIT, PRÜ	Rheinland-Pfalz	<img src=StateFlag_Rheinland-Pfalz.svg>	<img src=StateCOA_Rheinland-Pfalz.svg>	99 788	1 626	61	<img src=DistrictMap_Eifelkreis_Bitburg-Prüm.png>	<img src=blank_districts_map.png>
12062	Elbe-Elster	<img src=COA_Elbe-Elster.svg>	EE, FI, LIB	Brandenburg	<img src=StateFlag_Brandenburg.svg>	<img src=StateCOA_Brandenburg.svg>	97 967	1 899	52	<img src=DistrictMap_Elbe-Elster.png>	<img src=blank_districts_map.png>
8316	Emmendingen	<img src=COA_Emmendingen.svg>	EM	Baden-Württemberg	<img src=StateFlag_Baden-Württemberg.svg>	<img src=StateCOA_Baden-Württemberg.svg>	169 787	679	250	<img src=DistrictMap_Emmendingen.png>	<img src=blank_districts_map.png>
3454	Emsland	<img src=COA_Emsland.svg>	EL	Niedersachsen	<img src=StateFlag_Niedersachsen.svg>	<img src=StateCOA_Niedersachsen.svg>	334 539	2 883	116	<img src=DistrictMap_Emsland.png>	<img src=blank_districts_map.png>
5954	Ennepe-Ruhr-Kreis	<img src=COA_Ennepe-Ruhr-Kreis.svg>	EN, WIT	Nordrhein-Westfalen	<img src=StateFlag_Nordrhein-Westfalen.svg>	<img src=StateCOA_Nordrhein-Westfalen.svg>	314 167	409	767	<img src=DistrictMap_Ennepe-Ruhr-Kreis.png>	<img src=blank_districts_map.png>
8236	Enzkreis	<img src=COA_Enzkreis.svg>	PF	Baden-Württemberg	<img src=StateFlag_Baden-Württemberg.svg>	<img src=StateCOA_Baden-Württemberg.svg>	199 745	573	348	<img src=DistrictMap_Enzkreis.png>	<img src=blank_districts_map.png>
9177	Erding	<img src=COA_Erding.svg>	ED	Bayern	<img src=StateFlag_Bayern.svg>	<img src=StateCOA_Bayern.svg>	140 127	870	161	<img src=DistrictMap_Erding.png>	<img src=blank_districts_map.png>
9572	Erlangen-Höchstadt	<img src=COA_Erlangen-Höchstadt.svg>	ERH, HÖS	Bayern	<img src=StateFlag_Bayern.svg>	<img src=StateCOA_Bayern.svg>	138 325	564	245	<img src=DistrictMap_Erlangen-Höchstadt.png>	<img src=blank_districts_map.png>
14521	Erzgebirgskreis	<img src=COA_Erzgebirgskreis.svg>	ERZ, ANA, ASZ, AU, MAB, MEK, STL, SZB, ZP	Sachsen	<img src=StateFlag_Sachsen.svg>	<img src=StateCOA_Sachsen.svg>	318 394	1 827	174	<img src=DistrictMap_Erzgebirgskreis.png>	<img src=blank_districts_map.png>
8116	Esslingen	<img src=COA_Esslingen.svg>	ES, NT	Baden-Württemberg	<img src=StateFlag_Baden-Württemberg.svg>	<img src=StateCOA_Baden-Württemberg.svg>	536 601	641	837	<img src=DistrictMap_Esslingen.png>	<img src=blank_districts_map.png>
5366	Euskirchen	<img src=COA_Euskirchen.svg>	EU, SLE	Nordrhein-Westfalen	<img src=StateFlag_Nordrhein-Westfalen.svg>	<img src=StateCOA_Nordrhein-Westfalen.svg>	202 609	1 248	162	<img src=DistrictMap_Euskirchen.png>	<img src=blank_districts_map.png>
9474	Forchheim	<img src=COA_Forchheim.svg>	FO, EBS, PEG	Bayern	<img src=StateFlag_Bayern.svg>	<img src=StateCOA_Bayern.svg>	116 184	642	181	<img src=DistrictMap_Forchheim.png>	<img src=blank_districts_map.png>
9178	Freising	<img src=COA_Freising.svg>	FS	Bayern	<img src=StateFlag_Bayern.svg>	<img src=StateCOA_Bayern.svg>	184 564	799	231	<img src=DistrictMap_Freising.png>	<img src=blank_districts_map.png>
8237	Freudenstadt	<img src=COA_Freudenstadt.svg>	FDS, HCH, HOR, WOL	Baden-Württemberg	<img src=StateFlag_Baden-Württemberg.svg>	<img src=StateCOA_Baden-Württemberg.svg>	121 958	870	140	<img src=DistrictMap_Freudenstadt.png>	<img src=blank_districts_map.png>
9272	Freyung-Grafenau	<img src=COA_Freyung-Grafenau.svg>	FRG, GRA, WOS	Bayern	<img src=StateFlag_Bayern.svg>	<img src=StateCOA_Bayern.svg>	78 710	983	80	<img src=DistrictMap_Freyung-Grafenau.png>	<img src=blank_districts_map.png>
3455	Friesland	<img src=COA_Friesland.svg>	FRI	Niedersachsen	<img src=StateFlag_Niedersachsen.svg>	<img src=StateCOA_Niedersachsen.svg>	100 411	609	165	<img src=DistrictMap_Friesland.png>	<img src=blank_districts_map.png>
6631	Fulda	<img src=COA_Fulda.svg>	FD	Hessen	<img src=StateFlag_Hessen.svg>	<img src=StateCOA_Hessen.svg>	222 283	1 380	161	<img src=DistrictMap_Fulda.png>	<img src=blank_districts_map.png>
9179	Fürstenfeldbruck	<img src=COA_Fürstenfeldbruck.svg>	FFB	Bayern	<img src=StateFlag_Bayern.svg>	<img src=StateCOA_Bayern.svg>	218 227	434	502	<img src=DistrictMap_Fürstenfeldbruck.png>	<img src=blank_districts_map.png>
9573	Fürth (Kreis)	<img src=COA_Fürth.svg>	FÜ	Bayern	<img src=StateFlag_Bayern.svg>	<img src=StateCOA_Bayern.svg>	117 719	307	383	<img src=DistrictMap_Fürth_(Kreis).png>	<img src=blank_districts_map.png>
9180	Garmisch-Partenkirchen	<img src=COA_Garmisch-Partenkirchen.svg>	GAP	Bayern	<img src=StateFlag_Bayern.svg>	<img src=StateCOA_Bayern.svg>	89 296	1 012	88	<img src=DistrictMap_Garmisch-Partenkirchen.png>	<img src=blank_districts_map.png>
7334	Germersheim	<img src=COA_Germersheim.svg>	GER	Rheinland-Pfalz	<img src=StateFlag_Rheinland-Pfalz.svg>	<img src=StateCOA_Rheinland-Pfalz.svg>	131 383	463	284	<img src=DistrictMap_Germersheim.png>	<img src=blank_districts_map.png>
6531	Gießen	<img src=COA_Gießen.svg>	GI	Hessen	<img src=StateFlag_Hessen.svg>	<img src=StateCOA_Hessen.svg>	268 418	854	314	<img src=DistrictMap_Gießen.png>	<img src=blank_districts_map.png>
3151	Gifhorn	<img src=COA_Gifhorn.svg>	GF	Niedersachsen	<img src=StateFlag_Niedersachsen.svg>	<img src=StateCOA_Niedersachsen.svg>	175 943	1 567	112	<img src=DistrictMap_Gifhorn.png>	<img src=blank_districts_map.png>
8117	Göppingen	<img src=COA_Göppingen.svg>	GP	Baden-Württemberg	<img src=StateFlag_Baden-Württemberg.svg>	<img src=StateCOA_Baden-Württemberg.svg>	258 809	642	403	<img src=DistrictMap_Göppingen.png>	<img src=blank_districts_map.png>
14626	Görlitz	<img src=COA_Görlitz.svg>	GR, LÖB, NOL, NY, WSW, ZI	Sachsen	<img src=StateFlag_Sachsen.svg>	<img src=StateCOA_Sachsen.svg>	243 958	2 111	116	<img src=DistrictMap_Görlitz.png>	<img src=blank_districts_map.png>
3153	Goslar	<img src=COA_Goslar.svg>	GS, BRL, CLZ	Niedersachsen	<img src=StateFlag_Niedersachsen.svg>	<img src=StateCOA_Niedersachsen.svg>	126 775	966	131	<img src=DistrictMap_Goslar.png>	<img src=blank_districts_map.png>
16067	Gotha	<img src=COA_Gotha.svg>	GTH	Thüringen	<img src=StateFlag_Thüringen.svg>	<img src=StateCOA_Thüringen.svg>	135 838	936	145	<img src=DistrictMap_Gotha.png>	<img src=blank_districts_map.png>
3159	Göttingen	<img src=COA_Göttingen.svg>	GÖ, DUD, HMÜ, OHA	Niedersachsen	<img src=StateFlag_Niedersachsen.svg>	<img src=StateCOA_Niedersachsen.svg>	328 028	1 755	187	<img src=DistrictMap_Göttingen.png>	<img src=blank_districts_map.png>
3456	Grafschaft Bentheim	<img src=COA_Grafschaft_Bentheim.svg>	NOH	Niedersachsen	<img src=StateFlag_Niedersachsen.svg>	<img src=StateCOA_Niedersachsen.svg>	144 543	981	147	<img src=DistrictMap_Grafschaft_Bentheim.png>	<img src=blank_districts_map.png>
16076	Greiz	<img src=COA_Greiz.svg>	GRZ, ZR	Thüringen	<img src=StateFlag_Thüringen.svg>	<img src=StateCOA_Thüringen.svg>	93 707	845	111	<img src=DistrictMap_Greiz.png>	<img src=blank_districts_map.png>
6433	Groß-Gerau	<img src=COA_Groß-Gerau.svg>	GG	Hessen	<img src=StateFlag_Hessen.svg>	<img src=StateCOA_Hessen.svg>	268 310	453	592	<img src=DistrictMap_Groß-Gerau.png>	<img src=blank_districts_map.png>
9774	Günzburg	<img src=COA_Günzburg.svg>	GZ, KRU	Bayern	<img src=StateFlag_Bayern.svg>	<img src=StateCOA_Bayern.svg>	129 846	762	170	<img src=DistrictMap_Günzburg.png>	<img src=blank_districts_map.png>
5754	Gütersloh	<img src=COA_Gütersloh.svg>	GT	Nordrhein-Westfalen	<img src=StateFlag_Nordrhein-Westfalen.svg>	<img src=StateCOA_Nordrhein-Westfalen.svg>	363 982	969	376	<img src=DistrictMap_Gütersloh.png>	<img src=blank_districts_map.png>
3252	Hameln-Pyrmont	<img src=COA_Hameln-Pyrmont.svg>	HM	Niedersachsen	<img src=StateFlag_Niedersachsen.svg>	<img src=StateCOA_Niedersachsen.svg>	150 203	797	188	<img src=DistrictMap_Hameln-Pyrmont.png>	<img src=blank_districts_map.png>
3241	Region Hannover	<img src=COA_Region_Hannover.svg>	H	Niedersachsen	<img src=StateFlag_Niedersachsen.svg>	<img src=StateCOA_Niedersachsen.svg>	1 140 888	2 297	497	<img src=DistrictMap_Region_Hannover.png>	<img src=blank_districts_map.png>
3353	Harburg	<img src=COA_Harburg.svg>	WL	Niedersachsen	<img src=StateFlag_Niedersachsen.svg>	<img src=StateCOA_Niedersachsen.svg>	265 864	1 248	213	<img src=DistrictMap_Harburg.png>	<img src=blank_districts_map.png>
15085	Harz	<img src=COA_Harz.svg>	HZ, HBS, QLB, WR	Sachsen-Anhalt	<img src=StateFlag_Sachsen-Anhalt.svg>	<img src=StateCOA_Sachsen-Anhalt.svg>	205 484	2 104	98	<img src=DistrictMap_Harz.png>	<img src=blank_districts_map.png>
9674	Haßberge	<img src=COA_Haßberge.svg>	HAS, EBN, GEO, HOH	Bayern	<img src=StateFlag_Bayern.svg>	<img src=StateCOA_Bayern.svg>	83 869	956	88	<img src=DistrictMap_Haßberge.png>	<img src=blank_districts_map.png>
12063	Havelland	<img src=COA_Havelland.svg>	HVL, NAU, RN	Brandenburg	<img src=StateFlag_Brandenburg.svg>	<img src=StateCOA_Brandenburg.svg>	170 834	1 727	99	<img src=DistrictMap_Havelland.png>	<img src=blank_districts_map.png>
3358	Heidekreis	<img src=COA_Heidekreis.svg>	HK	Niedersachsen	<img src=StateFlag_Niedersachsen.svg>	<img src=StateCOA_Niedersachsen.svg>	141 321	1 881	75	<img src=DistrictMap_Heidekreis.png>	<img src=blank_districts_map.png>
8135	Heidenheim	<img src=COA_Heidenheim.svg>	HDH	Baden-Württemberg	<img src=StateFlag_Baden-Württemberg.svg>	<img src=StateCOA_Baden-Württemberg.svg>	135 235	627	216	<img src=DistrictMap_Heidenheim.png>	<img src=blank_districts_map.png>
8125	Heilbronn (Kreis)	<img src=COA_Heilbronn.svg>	HN	Baden-Württemberg	<img src=StateFlag_Baden-Württemberg.svg>	<img src=StateCOA_Baden-Württemberg.svg>	353 877	1 099	322	<img src=DistrictMap_Heilbronn_(Kreis).png>	<img src=blank_districts_map.png>
5370	Heinsberg	<img src=COA_Heinsberg.svg>	HS, ERK, GK	Nordrhein-Westfalen	<img src=StateFlag_Nordrhein-Westfalen.svg>	<img src=StateCOA_Nordrhein-Westfalen.svg>	263 681	627	420	<img src=DistrictMap_Heinsberg.png>	<img src=blank_districts_map.png>
3154	Helmstedt	<img src=COA_Helmstedt.svg>	HE	Niedersachsen	<img src=StateFlag_Niedersachsen.svg>	<img src=StateCOA_Niedersachsen.svg>	90 227	676	133	<img src=DistrictMap_Helmstedt.png>	<img src=blank_districts_map.png>
5758	Herford	<img src=COA_Herford.svg>	HF	Nordrhein-Westfalen	<img src=StateFlag_Nordrhein-Westfalen.svg>	<img src=StateCOA_Nordrhein-Westfalen.svg>	254 404	450	565	<img src=DistrictMap_Herford.png>	<img src=blank_districts_map.png>
6632	Hersfeld-Rotenburg	<img src=COA_Hersfeld-Rotenburg.svg>	HEF, ROF	Hessen	<img src=StateFlag_Hessen.svg>	<img src=StateCOA_Hessen.svg>	117 414	1 097	107	<img src=DistrictMap_Hersfeld-Rotenburg.png>	<img src=blank_districts_map.png>
1053	Herzogtum Lauenburg	<img src=COA_Herzogtum_Lauenburg.svg>	RZ	Schleswig-Holstein	<img src=StateFlag_Schleswig-Holstein.svg>	<img src=StateCOA_Schleswig-Holstein.svg>	206 235	1 263	163	<img src=DistrictMap_Herzogtum_Lauenburg.png>	<img src=blank_districts_map.png>
16069	Hildburghausen	<img src=COA_Hildburghausen.svg>	HBN	Thüringen	<img src=StateFlag_Thüringen.svg>	<img src=StateCOA_Thüringen.svg>	59 987	938	64	<img src=DistrictMap_Hildburghausen.png>	<img src=blank_districts_map.png>
3254	Hildesheim	<img src=COA_Hildesheim.svg>	HI, ALF	Niedersachsen	<img src=StateFlag_Niedersachsen.svg>	<img src=StateCOA_Niedersachsen.svg>	267 506	1 208	221	<img src=DistrictMap_Hildesheim.png>	<img src=blank_districts_map.png>
5958	Hochsauerlandkreis	<img src=COA_Hochsauerlandkreis.svg>	HSK	Nordrhein-Westfalen	<img src=StateFlag_Nordrhein-Westfalen.svg>	<img src=StateCOA_Nordrhein-Westfalen.svg>	260 843	1 960	133	<img src=DistrictMap_Hochsauerlandkreis.png>	<img src=blank_districts_map.png>
6434	Hochtaunuskreis	<img src=COA_Hochtaunuskreis.svg>	HG, USI	Hessen	<img src=StateFlag_Hessen.svg>	<img src=StateCOA_Hessen.svg>	241 664	481	502	<img src=DistrictMap_Hochtaunuskreis.png>	<img src=blank_districts_map.png>
9475	Hof (Kreis)	<img src=COA_Hof.svg>	HO, MÜB, NAI, REH, SAN	Bayern	<img src=StateFlag_Bayern.svg>	<img src=StateCOA_Bayern.svg>	92 191	892	103	<img src=DistrictMap_Hof_(Kreis).png>	<img src=blank_districts_map.png>
8126	Hohenlohekreis	<img src=COA_Hohenlohekreis.svg>	KÜN, ÖHR	Baden-Württemberg	<img src=StateFlag_Baden-Württemberg.svg>	<img src=StateCOA_Baden-Württemberg.svg>	115 644	776	149	<img src=DistrictMap_Hohenlohekreis.png>	<img src=blank_districts_map.png>
3255	Holzminden	<img src=COA_Holzminden.svg>	HOL	Niedersachsen	<img src=StateFlag_Niedersachsen.svg>	<img src=StateCOA_Niedersachsen.svg>	65 581	694	94	<img src=DistrictMap_Holzminden.png>	<img src=blank_districts_map.png>
5762	Höxter	<img src=COA_Höxter.svg>	HX, WAR	Nordrhein-Westfalen	<img src=StateFlag_Nordrhein-Westfalen.svg>	<img src=StateCOA_Nordrhein-Westfalen.svg>	139 252	1 201	116	<img src=DistrictMap_Höxter.png>	<img src=blank_districts_map.png>
16070	Ilm-Kreis	<img src=COA_Ilm-Kreis.svg>	IK, ARN, IL	Thüringen	<img src=StateFlag_Thüringen.svg>	<img src=StateCOA_Thüringen.svg>	106 657	805	132	<img src=DistrictMap_Ilm-Kreis.png>	<img src=blank_districts_map.png>
15086	Jerichower Land	<img src=COA_Jerichower_Land.svg>	JL, BRG, GNT	Sachsen-Anhalt	<img src=StateFlag_Sachsen-Anhalt.svg>	<img src=StateCOA_Sachsen-Anhalt.svg>	88 509	1 577	56	<img src=DistrictMap_Jerichower_Land.png>	<img src=blank_districts_map.png>
7335	Kaiserslautern (Kreis)	<img src=COA_Kaiserslautern.svg>	KL	Rheinland-Pfalz	<img src=StateFlag_Rheinland-Pfalz.svg>	<img src=StateCOA_Rheinland-Pfalz.svg>	106 343	639	166	<img src=DistrictMap_Kaiserslautern_(Kreis).png>	<img src=blank_districts_map.png>
8215	Karlsruhe (Kreis)	<img src=COA_Karlsruhe.svg>	KA, BR	Baden-Württemberg	<img src=StateFlag_Baden-Württemberg.svg>	<img src=StateCOA_Baden-Württemberg.svg>	456 264	1 084	421	<img src=DistrictMap_Karlsruhe_(Kreis).png>	<img src=blank_districts_map.png>
6633	Kassel (Kreis)	<img src=COA_Kassel.svg>	KS, HOG, WOH	Hessen	<img src=StateFlag_Hessen.svg>	<img src=StateCOA_Hessen.svg>	231 073	1 293	179	<img src=DistrictMap_Kassel_(Kreis).png>	<img src=blank_districts_map.png>
9273	Kelheim	<img src=COA_Kelheim.svg>	KEH, MAI, PAR, RID, ROL	Bayern	<img src=StateFlag_Bayern.svg>	<img src=StateCOA_Bayern.svg>	126 037	1 065	118	<img src=DistrictMap_Kelheim.png>	<img src=blank_districts_map.png>
9675	Kitzingen	<img src=COA_Kitzingen.svg>	KT	Bayern	<img src=StateFlag_Bayern.svg>	<img src=StateCOA_Bayern.svg>	91 287	684	133	<img src=DistrictMap_Kitzingen.png>	<img src=blank_districts_map.png>
5154	Kleve	<img src=COA_Kleve.svg>	KLE, GEL	Nordrhein-Westfalen	<img src=StateFlag_Nordrhein-Westfalen.svg>	<img src=StateCOA_Nordrhein-Westfalen.svg>	322 018	1 232	261	<img src=DistrictMap_Kleve.png>	<img src=blank_districts_map.png>
8335	Konstanz	<img src=COA_Konstanz.svg>	KN, STO (BÜS)	Baden-Württemberg	<img src=StateFlag_Baden-Württemberg.svg>	<img src=StateCOA_Baden-Württemberg.svg>	291 841	817	357	<img src=DistrictMap_Konstanz.png>	<img src=blank_districts_map.png>
9476	Kronach	<img src=COA_Kronach.svg>	KC, SAN	Bayern	<img src=StateFlag_Bayern.svg>	<img src=StateCOA_Bayern.svg>	64 545	651	99	<img src=DistrictMap_Kronach.png>	<img src=blank_districts_map.png>
9477	Kulmbach	<img src=COA_Kulmbach.svg>	KU, EBS, SAN	Bayern	<img src=StateFlag_Bayern.svg>	<img src=StateCOA_Bayern.svg>	71 518	658	109	<img src=DistrictMap_Kulmbach.png>	<img src=blank_districts_map.png>
7336	Kusel	<img src=COA_Kusel.svg>	KUS	Rheinland-Pfalz	<img src=StateFlag_Rheinland-Pfalz.svg>	<img src=StateCOA_Rheinland-Pfalz.svg>	69 334	573	121	<img src=DistrictMap_Kusel.png>	<img src=blank_districts_map.png>
16065	Kyffhäuserkreis	<img src=COA_Kyffhäuserkreis.svg>	KYF, ART, SDH	Thüringen	<img src=StateFlag_Thüringen.svg>	<img src=StateCOA_Thüringen.svg>	71 738	1 037	69	<img src=DistrictMap_Kyffhäuserkreis.png>	<img src=blank_districts_map.png>
6532	Lahn-Dill-Kreis	<img src=COA_Lahn-Dill-Kreis.svg>	LDK, DIL, WZ	Hessen	<img src=StateFlag_Hessen.svg>	<img src=StateCOA_Hessen.svg>	254 074	1 066	238	<img src=DistrictMap_Lahn-Dill-Kreis.png>	<img src=blank_districts_map.png>
9181	Landsberg am Lech	<img src=COA_Landsberg_am_Lech.svg>	LL	Bayern	<img src=StateFlag_Bayern.svg>	<img src=StateCOA_Bayern.svg>	122 107	804	152	<img src=DistrictMap_Landsberg_am_Lech.png>	<img src=blank_districts_map.png>
9274	Landshut (Kreis)	<img src=COA_Landshut.svg>	LA, MAI, MAL, ROL, VIB	Bayern	<img src=StateFlag_Bayern.svg>	<img src=StateCOA_Bayern.svg>	162 170	1 347	120	<img src=DistrictMap_Landshut_(Kreis).png>	<img src=blank_districts_map.png>
3457	Leer	<img src=COA_Leer.svg>	LER	Niedersachsen	<img src=StateFlag_Niedersachsen.svg>	<img src=StateCOA_Niedersachsen.svg>	169 103	1 085	156	<img src=DistrictMap_Leer.png>	<img src=blank_districts_map.png>
14729	Leipzig (Kreis)	<img src=COA_Leipzig.svg>	L, BNA, GHA, GRM, MTL, WUR	Sachsen	<img src=StateFlag_Sachsen.svg>	<img src=StateCOA_Sachsen.svg>	260 127	1 651	158	<img src=DistrictMap_Leipzig_(Kreis).png>	<img src=blank_districts_map.png>
9478	Lichtenfels	<img src=COA_Lichtenfels.svg>	LIF, STE	Bayern	<img src=StateFlag_Bayern.svg>	<img src=StateCOA_Bayern.svg>	67 379	519	130	<img src=DistrictMap_Lichtenfels.png>	<img src=blank_districts_map.png>
6533	Limburg-Weilburg	<img src=COA_Limburg-Weilburg.svg>	LM, WEL	Hessen	<img src=StateFlag_Hessen.svg>	<img src=StateCOA_Hessen.svg>	173 830	738	235	<img src=DistrictMap_Limburg-Weilburg.png>	<img src=blank_districts_map.png>
9776	Lindau (Bodensee)	<img src=COA_Lindau_(Bodensee).svg>	LI	Bayern	<img src=StateFlag_Bayern.svg>	<img src=StateCOA_Bayern.svg>	82 411	323	255	<img src=DistrictMap_Lindau_(Bodensee).png>	<img src=blank_districts_map.png>
5766	Lippe	<img src=COA_Lippe.svg>	LIP	Nordrhein-Westfalen	<img src=StateFlag_Nordrhein-Westfalen.svg>	<img src=StateCOA_Nordrhein-Westfalen.svg>	347 149	1 246	279	<img src=DistrictMap_Lippe.png>	<img src=blank_districts_map.png>
8336	Lörrach	<img src=COA_Lörrach.svg>	LÖ	Baden-Württemberg	<img src=StateFlag_Baden-Württemberg.svg>	<img src=StateCOA_Baden-Württemberg.svg>	238 263	806	295	<img src=DistrictMap_Lörrach.png>	<img src=blank_districts_map.png>
3354	Lüchow-Dannenberg	<img src=COA_Lüchow-Dannenberg.svg>	DAN	Niedersachsen	<img src=StateFlag_Niedersachsen.svg>	<img src=StateCOA_Niedersachsen.svg>	46 502	1 227	38	<img src=DistrictMap_Lüchow-Dannenberg.png>	<img src=blank_districts_map.png>
8118	Ludwigsburg	<img src=COA_Ludwigsburg.svg>	LB, VAI	Baden-Württemberg	<img src=StateFlag_Baden-Württemberg.svg>	<img src=StateCOA_Baden-Württemberg.svg>	535 374	686	780	<img src=DistrictMap_Ludwigsburg.png>	<img src=blank_districts_map.png>
13076	Ludwigslust-Parchim	<img src=COA_Ludwigslust-Parchim.svg>	LUP, HGN, LBZ, LWL, PCH, STB	Mecklenburg-Vorpommern	<img src=StateFlag_Mecklenburg-Vorpommern.svg>	<img src=StateCOA_Mecklenburg-Vorpommern.svg>	208 092	4 766	44	<img src=DistrictMap_Ludwigslust-Parchim.png>	<img src=blank_districts_map.png>
3355	Lüneburg	<img src=COA_Lüneburg.svg>	LG	Niedersachsen	<img src=StateFlag_Niedersachsen.svg>	<img src=StateCOA_Niedersachsen.svg>	179 448	1 327	135	<img src=DistrictMap_Lüneburg.png>	<img src=blank_districts_map.png>
6435	Main-Kinzig-Kreis	<img src=COA_Main-Kinzig-Kreis.svg>	MKK, HU, GN, SLÜ	Hessen	<img src=StateFlag_Hessen.svg>	<img src=StateCOA_Hessen.svg>	420 914	1 397	301	<img src=DistrictMap_Main-Kinzig-Kreis.png>	<img src=blank_districts_map.png>
9677	Main-Spessart	<img src=COA_Main-Spessart.svg>	MSP	Bayern	<img src=StateFlag_Bayern.svg>	<img src=StateCOA_Bayern.svg>	125 282	1 321	95	<img src=DistrictMap_Main-Spessart.png>	<img src=blank_districts_map.png>
8128	Main-Tauber-Kreis	<img src=COA_Main-Tauber-Kreis.svg>	TBB, MGH	Baden-Württemberg	<img src=StateFlag_Baden-Württemberg.svg>	<img src=StateCOA_Baden-Württemberg.svg>	133 169	1 304	102	<img src=DistrictMap_Main-Tauber-Kreis.png>	<img src=blank_districts_map.png>
6436	Main-Taunus-Kreis	<img src=COA_Main-Taunus-Kreis.svg>	MTK	Hessen	<img src=StateFlag_Hessen.svg>	<img src=StateCOA_Hessen.svg>	238 775	222	1073	<img src=DistrictMap_Main-Taunus-Kreis.png>	<img src=blank_districts_map.png>
7339	Mainz-Bingen	<img src=COA_Mainz-Bingen.svg>	MZ, BIN	Rheinland-Pfalz	<img src=StateFlag_Rheinland-Pfalz.svg>	<img src=StateCOA_Rheinland-Pfalz.svg>	206 454	605	341	<img src=DistrictMap_Mainz-Bingen.png>	<img src=blank_districts_map.png>
15087	Mansfeld-Südharz	<img src=COA_Mansfeld-Südharz.svg>	MSH, EIL, HET, ML, SGH	Sachsen-Anhalt	<img src=StateFlag_Sachsen-Anhalt.svg>	<img src=StateCOA_Sachsen-Anhalt.svg>	129 029	1 449	89	<img src=DistrictMap_Mansfeld-Südharz.png>	<img src=blank_districts_map.png>
6534	Marburg-Biedenkopf	<img src=COA_Marburg-Biedenkopf.svg>	MR, BID	Hessen	<img src=StateFlag_Hessen.svg>	<img src=StateCOA_Hessen.svg>	242 805	1 262	192	<img src=DistrictMap_Marburg-Biedenkopf.png>	<img src=blank_districts_map.png>
5962	Märkischer Kreis	<img src=COA_Märkischer_Kreis.svg>	MK	Nordrhein-Westfalen	<img src=StateFlag_Nordrhein-Westfalen.svg>	<img src=StateCOA_Nordrhein-Westfalen.svg>	408 046	1 061	385	<img src=DistrictMap_Märkischer_Kreis.png>	<img src=blank_districts_map.png>
12064	Märkisch-Oderland	<img src=COA_Märkisch-Oderland.svg>	MOL, FRW, SEE, SRB	Brandenburg	<img src=StateFlag_Brandenburg.svg>	<img src=StateCOA_Brandenburg.svg>	197 817	2 158	92	<img src=DistrictMap_Märkisch-Oderland.png>	<img src=blank_districts_map.png>
7137	Mayen-Koblenz	<img src=COA_Mayen-Koblenz.svg>	MYK, MY	Rheinland-Pfalz	<img src=StateFlag_Rheinland-Pfalz.svg>	<img src=StateCOA_Rheinland-Pfalz.svg>	217 228	817	266	<img src=DistrictMap_Mayen-Koblenz.png>	<img src=blank_districts_map.png>
13071	Mecklenburgische Seenplatte	<img src=COA_Mecklenburgische_Seenplatte.svg>	MSE, AT, DM, MC, MST, MÜR, NZ, RM, WRN, (NB)	Mecklenburg-Vorpommern	<img src=StateFlag_Mecklenburg-Vorpommern.svg>	<img src=StateCOA_Mecklenburg-Vorpommern.svg>	246 318	5 495	45	<img src=DistrictMap_Mecklenburgische_Seenplatte.png>	<img src=blank_districts_map.png>
14627	Meißen	<img src=COA_Meißen.svg>	MEI, GRH, RG, RIE	Sachsen	<img src=StateFlag_Sachsen.svg>	<img src=StateCOA_Sachsen.svg>	239 221	1 454	164	<img src=DistrictMap_Meißen.png>	<img src=blank_districts_map.png>
10042	Merzig-Wadern	<img src=COA_Merzig-Wadern.svg>	MZG	Saarland	<img src=StateFlag_Saarland.svg>	<img src=StateCOA_Saarland.svg>	108 779	556	195	<img src=DistrictMap_Merzig-Wadern.png>	<img src=blank_districts_map.png>
5158	Mettmann	<img src=COA_Mettmann.svg>	ME	Nordrhein-Westfalen	<img src=StateFlag_Nordrhein-Westfalen.svg>	<img src=StateCOA_Nordrhein-Westfalen.svg>	490 910	407	1206	<img src=DistrictMap_Mettmann.png>	<img src=blank_districts_map.png>
9182	Miesbach	<img src=COA_Miesbach.svg>	MB	Bayern	<img src=StateFlag_Bayern.svg>	<img src=StateCOA_Bayern.svg>	97 152	866	112	<img src=DistrictMap_Miesbach.png>	<img src=blank_districts_map.png>
9676	Miltenberg	<img src=COA_Miltenberg.svg>	MIL, OBB	Bayern	<img src=StateFlag_Bayern.svg>	<img src=StateCOA_Bayern.svg>	127 547	715	178	<img src=DistrictMap_Miltenberg.png>	<img src=blank_districts_map.png>
5770	Minden-Lübbecke	<img src=COA_Minden-Lübbecke.svg>	MI, LK	Nordrhein-Westfalen	<img src=StateFlag_Nordrhein-Westfalen.svg>	<img src=StateCOA_Nordrhein-Westfalen.svg>	320 557	1 152	278	<img src=DistrictMap_Minden-Lübbecke.png>	<img src=blank_districts_map.png>
14522	Mittelsachsen	<img src=COA_Mittelsachsen.svg>	FG, BED, DL, FLÖ, HC, MW, RL	Sachsen	<img src=StateFlag_Sachsen.svg>	<img src=StateCOA_Sachsen.svg>	296 431	2 116	140	<img src=DistrictMap_Mittelsachsen.png>	<img src=blank_districts_map.png>
9183	Mühldorf am Inn	<img src=COA_Mühldorf_am_Inn.svg>	MÜ, VIB, WS	Bayern	<img src=StateFlag_Bayern.svg>	<img src=StateCOA_Bayern.svg>	122 037	805	152	<img src=DistrictMap_Mühldorf_am_Inn.png>	<img src=blank_districts_map.png>
9184	München (Kreis)	<img src=COA_München.svg>	M, AIB, WOR	Bayern	<img src=StateFlag_Bayern.svg>	<img src=StateCOA_Bayern.svg>	354 396	664	534	<img src=DistrictMap_München_(Kreis).png>	<img src=blank_districts_map.png>
8225	Neckar-Odenwald-Kreis	<img src=COA_Neckar-Odenwald-Kreis.svg>	MOS, BCH	Baden-Württemberg	<img src=StateFlag_Baden-Württemberg.svg>	<img src=StateCOA_Baden-Württemberg.svg>	145 263	1 125	129	<img src=DistrictMap_Neckar-Odenwald-Kreis.png>	<img src=blank_districts_map.png>
9775	Neu-Ulm	<img src=COA_Neu-Ulm.svg>	NU, ILL	Bayern	<img src=StateFlag_Bayern.svg>	<img src=StateCOA_Bayern.svg>	183 595	515	356	<img src=DistrictMap_Neu-Ulm.png>	<img src=blank_districts_map.png>
9185	Neuburg-Schrobenhausen	<img src=COA_Neuburg-Schrobenhausen.svg>	ND, SOB	Bayern	<img src=StateFlag_Bayern.svg>	<img src=StateCOA_Bayern.svg>	99 364	739	134	<img src=DistrictMap_Neuburg-Schrobenhausen.png>	<img src=blank_districts_map.png>
9373	Neumarkt in der Oberpfalz	<img src=COA_Neumarkt_in_der_Oberpfalz.svg>	NM, PAR	Bayern	<img src=StateFlag_Bayern.svg>	<img src=StateCOA_Bayern.svg>	138 693	1 343	103	<img src=DistrictMap_Neumarkt_in_der_Oberpfalz.png>	<img src=blank_districts_map.png>
10043	Neunkirchen	<img src=COA_Neunkirchen.svg>	NK, OTW	Saarland	<img src=StateFlag_Saarland.svg>	<img src=StateCOA_Saarland.svg>	133 179	249	533	<img src=DistrictMap_Neunkirchen.png>	<img src=blank_districts_map.png>
9575	Neustadt an der Aisch-Bad Windsheim	<img src=COA_Neustadt_an_der_Aisch-Bad_Windsheim.svg>	NEA, SEF, UFF	Bayern	<img src=StateFlag_Bayern.svg>	<img src=StateCOA_Bayern.svg>	101 043	1 267	80	<img src=DistrictMap_Neustadt_an_der_Aisch-Bad_Windsheim.png>	<img src=blank_districts_map.png>
9374	Neustadt an der Waldnaab	<img src=COA_Neustadt_an_der_Waldnaab.svg>	NEW, ESB, VOH	Bayern	<img src=StateFlag_Bayern.svg>	<img src=StateCOA_Bayern.svg>	96 049	1 427	67	<img src=DistrictMap_Neustadt_an_der_Waldnaab.png>	<img src=blank_districts_map.png>
7138	Neuwied	<img src=COA_Neuwied.svg>	NR	Rheinland-Pfalz	<img src=StateFlag_Rheinland-Pfalz.svg>	<img src=StateCOA_Rheinland-Pfalz.svg>	189 061	627	302	<img src=DistrictMap_Neuwied.png>	<img src=blank_districts_map.png>
3256	Nienburg-Weser	<img src=COA_Nienburg-Weser.svg>	NI	Niedersachsen	<img src=StateFlag_Niedersachsen.svg>	<img src=StateCOA_Niedersachsen.svg>	121 468	1 400	87	<img src=DistrictMap_Nienburg-Weser.png>	<img src=blank_districts_map.png>
1054	Nordfriesland	<img src=COA_Nordfriesland.svg>	NF	Schleswig-Holstein	<img src=StateFlag_Schleswig-Holstein.svg>	<img src=StateCOA_Schleswig-Holstein.svg>	170 029	2 083	82	<img src=DistrictMap_Nordfriesland.png>	<img src=blank_districts_map.png>
16062	Nordhausen	<img src=COA_Nordhausen.svg>	NDH	Thüringen	<img src=StateFlag_Thüringen.svg>	<img src=StateCOA_Thüringen.svg>	80 762	712	113	<img src=DistrictMap_Nordhausen.png>	<img src=blank_districts_map.png>
14730	Nordsachsen	<img src=COA_Nordsachsen.svg>	TDO, DZ, EB, OZ, TG, TO	Sachsen	<img src=StateFlag_Sachsen.svg>	<img src=StateCOA_Sachsen.svg>	199 422	2 028	98	<img src=DistrictMap_Nordsachsen.png>	<img src=blank_districts_map.png>
13074	Nordwestmecklenburg	<img src=COA_Nordwestmecklenburg.svg>	NWM, GDB, GVM, WIS, (HWI)	Mecklenburg-Vorpommern	<img src=StateFlag_Mecklenburg-Vorpommern.svg>	<img src=StateCOA_Mecklenburg-Vorpommern.svg>	156 692	2 127	74	<img src=DistrictMap_Nordwestmecklenburg.png>	<img src=blank_districts_map.png>
3155	Northeim	<img src=COA_Northeim.svg>	NOM, EIN, GAN	Niedersachsen	<img src=StateFlag_Niedersachsen.svg>	<img src=StateCOA_Niedersachsen.svg>	125 623	1 268	99	<img src=DistrictMap_Northeim.png>	<img src=blank_districts_map.png>
9574	Nürnberger Land	<img src=COA_Nürnberger_Land.svg>	LAU, ESB, HEB, N, PEG	Bayern	<img src=StateFlag_Bayern.svg>	<img src=StateCOA_Bayern.svg>	168 813	799	211	<img src=DistrictMap_Nürnberger_Land.png>	<img src=blank_districts_map.png>
9780	Oberallgäu	<img src=COA_Oberallgäu.svg>	OA	Bayern	<img src=StateFlag_Bayern.svg>	<img src=StateCOA_Bayern.svg>	155 413	1 527	102	<img src=DistrictMap_Oberallgäu.png>	<img src=blank_districts_map.png>
5374	Oberbergischer Kreis	<img src=COA_Oberbergischer_Kreis.svg>	GM	Nordrhein-Westfalen	<img src=StateFlag_Nordrhein-Westfalen.svg>	<img src=StateCOA_Nordrhein-Westfalen.svg>	274 057	918	298	<img src=DistrictMap_Oberbergischer_Kreis.png>	<img src=blank_districts_map.png>
12065	Oberhavel	<img src=COA_Oberhavel.svg>	OHV	Brandenburg	<img src=StateFlag_Brandenburg.svg>	<img src=StateCOA_Brandenburg.svg>	217 690	1 808	120	<img src=DistrictMap_Oberhavel.png>	<img src=blank_districts_map.png>
12066	Oberspreewald-Lausitz	<img src=COA_Oberspreewald-Lausitz.svg>	OSL, CA, SFB	Brandenburg	<img src=StateFlag_Brandenburg.svg>	<img src=StateCOA_Brandenburg.svg>	107 793	1 223	88	<img src=DistrictMap_Oberspreewald-Lausitz.png>	<img src=blank_districts_map.png>
6437	Odenwaldkreis	<img src=COA_Odenwaldkreis.svg>	ERB	Hessen	<img src=StateFlag_Hessen.svg>	<img src=StateCOA_Hessen.svg>	93 846	623	150	<img src=DistrictMap_Odenwaldkreis.png>	<img src=blank_districts_map.png>
12067	Oder-Spree	<img src=COA_Oder-Spree.svg>	LOS, BSK, EH, FW	Brandenburg	<img src=StateFlag_Brandenburg.svg>	<img src=StateCOA_Brandenburg.svg>	179 817	2 256	80	<img src=DistrictMap_Oder-Spree.png>	<img src=blank_districts_map.png>
6438	Offenbach	<img src=COA_Offenbach.svg>	OF	Hessen	<img src=StateFlag_Hessen.svg>	<img src=StateCOA_Hessen.svg>	358 022	356	1005	<img src=DistrictMap_Offenbach.png>	<img src=blank_districts_map.png>
3458	Oldenburg (Kreis)	<img src=COA_Oldenburg.svg>	OL	Niedersachsen	<img src=StateFlag_Niedersachsen.svg>	<img src=StateCOA_Niedersachsen.svg>	132 008	1 064	124	<img src=DistrictMap_Oldenburg_(Kreis).png>	<img src=blank_districts_map.png>
5966	Olpe	<img src=COA_Olpe.svg>	OE	Nordrhein-Westfalen	<img src=StateFlag_Nordrhein-Westfalen.svg>	<img src=StateCOA_Nordrhein-Westfalen.svg>	132 346	712	186	<img src=DistrictMap_Olpe.png>	<img src=blank_districts_map.png>
8317	Ortenaukreis	<img src=COA_Ortenaukreis.svg>	OG, BH, KEL, LR, WOL	Baden-Württemberg	<img src=StateFlag_Baden-Württemberg.svg>	<img src=StateCOA_Baden-Württemberg.svg>	444 858	1 860	239	<img src=DistrictMap_Ortenaukreis.png>	<img src=blank_districts_map.png>
3459	Osnabrück (Kreis)	<img src=COA_Osnabrück.svg>	OS, BSB, MEL, WTL	Niedersachsen	<img src=StateFlag_Niedersachsen.svg>	<img src=StateCOA_Niedersachsen.svg>	354 821	2 121	167	<img src=DistrictMap_Osnabrück_(Kreis).png>	<img src=blank_districts_map.png>
8136	Ostalbkreis	<img src=COA_Ostalbkreis.svg>	AA, GD	Baden-Württemberg	<img src=StateFlag_Baden-Württemberg.svg>	<img src=StateCOA_Baden-Württemberg.svg>	317 427	1 511	210	<img src=DistrictMap_Ostalbkreis.png>	<img src=blank_districts_map.png>
9777	Ostallgäu	<img src=COA_Ostallgäu.svg>	OAL, FÜS, MOD	Bayern	<img src=StateFlag_Bayern.svg>	<img src=StateCOA_Bayern.svg>	142 047	1 394	102	<img src=DistrictMap_Ostallgäu.png>	<img src=blank_districts_map.png>
3356	Osterholz	<img src=COA_Osterholz.svg>	OHZ	Niedersachsen	<img src=StateFlag_Niedersachsen.svg>	<img src=StateCOA_Niedersachsen.svg>	113 598	652	174	<img src=DistrictMap_Osterholz.png>	<img src=blank_districts_map.png>
1055	Ostholstein	<img src=COA_Ostholstein.svg>	OH	Schleswig-Holstein	<img src=StateFlag_Schleswig-Holstein.svg>	<img src=StateCOA_Schleswig-Holstein.svg>	201 472	1 393	145	<img src=DistrictMap_Ostholstein.png>	<img src=blank_districts_map.png>
12068	Ostprignitz-Ruppin	<img src=COA_Ostprignitz-Ruppin.svg>	OPR, KY, NP, WK	Brandenburg	<img src=StateFlag_Brandenburg.svg>	<img src=StateCOA_Brandenburg.svg>	99 152	2 526	39	<img src=DistrictMap_Ostprignitz-Ruppin.png>	<img src=blank_districts_map.png>
5774	Paderborn	<img src=COA_Paderborn.svg>	PB, BÜR	Nordrhein-Westfalen	<img src=StateFlag_Nordrhein-Westfalen.svg>	<img src=StateCOA_Nordrhein-Westfalen.svg>	315 912	1 246	253	<img src=DistrictMap_Paderborn.png>	<img src=blank_districts_map.png>
9275	Passau (Kreis)	<img src=COA_Passau.svg>	PA	Bayern	<img src=StateFlag_Bayern.svg>	<img src=StateCOA_Bayern.svg>	194 699	1 530	127	<img src=DistrictMap_Passau_(Kreis).png>	<img src=blank_districts_map.png>
3157	Peine	<img src=COA_Peine.svg>	PE	Niedersachsen	<img src=StateFlag_Niedersachsen.svg>	<img src=StateCOA_Niedersachsen.svg>	137 045	536	255	<img src=DistrictMap_Peine.png>	<img src=blank_districts_map.png>
9186	Pfaffenhofen an der Ilm	<img src=COA_Pfaffenhofen_an_der_Ilm.svg>	PAF	Bayern	<img src=StateFlag_Bayern.svg>	<img src=StateCOA_Bayern.svg>	130 781	761	172	<img src=DistrictMap_Pfaffenhofen_an_der_Ilm.png>	<img src=blank_districts_map.png>
1056	Pinneberg	<img src=COA_Pinneberg.svg>	PI	Schleswig-Holstein	<img src=StateFlag_Schleswig-Holstein.svg>	<img src=StateCOA_Schleswig-Holstein.svg>	325 223	664	490	<img src=DistrictMap_Pinneberg.png>	<img src=blank_districts_map.png>
1057	Plön	<img src=COA_Plön.svg>	PLÖ	Schleswig-Holstein	<img src=StateFlag_Schleswig-Holstein.svg>	<img src=StateCOA_Schleswig-Holstein.svg>	130 609	1 083	121	<img src=DistrictMap_Plön.png>	<img src=blank_districts_map.png>
12069	Potsdam-Mittelmark	<img src=COA_Potsdam-Mittelmark.svg>	PM, BEL	Brandenburg	<img src=StateFlag_Brandenburg.svg>	<img src=StateCOA_Brandenburg.svg>	221 268	2 592	85	<img src=DistrictMap_Potsdam-Mittelmark.png>	<img src=blank_districts_map.png>
12070	Prignitz	<img src=COA_Prignitz.svg>	PR	Brandenburg	<img src=StateFlag_Brandenburg.svg>	<img src=StateCOA_Brandenburg.svg>	75 595	2 138	35	<img src=DistrictMap_Prignitz.png>	<img src=blank_districts_map.png>
8216	Rastatt	<img src=COA_Rastatt.svg>	RA, BH	Baden-Württemberg	<img src=StateFlag_Baden-Württemberg.svg>	<img src=StateCOA_Baden-Württemberg.svg>	230 737	738	312	<img src=DistrictMap_Rastatt.png>	<img src=blank_districts_map.png>
8436	Ravensburg	<img src=COA_Ravensburg.svg>	RV, SLG, ÜB, WG	Baden-Württemberg	<img src=StateFlag_Baden-Württemberg.svg>	<img src=StateCOA_Baden-Württemberg.svg>	291 102	1 632	178	<img src=DistrictMap_Ravensburg.png>	<img src=blank_districts_map.png>
5562	Recklinghausen	<img src=COA_Recklinghausen.svg>	RE, CAS, GLA	Nordrhein-Westfalen	<img src=StateFlag_Nordrhein-Westfalen.svg>	<img src=StateCOA_Nordrhein-Westfalen.svg>	621 305	761	816	<img src=DistrictMap_Recklinghausen.png>	<img src=blank_districts_map.png>
9276	Regen	<img src=COA_Regen.svg>	REG, VIT	Bayern	<img src=StateFlag_Bayern.svg>	<img src=StateCOA_Bayern.svg>	77 267	974	79	<img src=DistrictMap_Regen.png>	<img src=blank_districts_map.png>
9375	Regensburg (Kreis)	<img src=COA_Regensburg.svg>	R	Bayern	<img src=StateFlag_Bayern.svg>	<img src=StateCOA_Bayern.svg>	196 213	1 391	141	<img src=DistrictMap_Regensburg_(Kreis).png>	<img src=blank_districts_map.png>
8119	Rems-Murr-Kreis	<img src=COA_Rems-Murr-Kreis.svg>	WN, BK	Baden-Württemberg	<img src=StateFlag_Baden-Württemberg.svg>	<img src=StateCOA_Baden-Württemberg.svg>	440 696	858	514	<img src=DistrictMap_Rems-Murr-Kreis.png>	<img src=blank_districts_map.png>
1058	Rendsburg-Eckernförde	<img src=COA_Rendsburg-Eckernförde.svg>	RD, ECK	Schleswig-Holstein	<img src=StateFlag_Schleswig-Holstein.svg>	<img src=StateCOA_Schleswig-Holstein.svg>	278 058	2 189	127	<img src=DistrictMap_Rendsburg-Eckernförde.png>	<img src=blank_districts_map.png>
8415	Reutlingen	<img src=COA_Reutlingen.svg>	RT	Baden-Württemberg	<img src=StateFlag_Baden-Württemberg.svg>	<img src=StateCOA_Baden-Württemberg.svg>	293 483	1 092	269	<img src=DistrictMap_Reutlingen.png>	<img src=blank_districts_map.png>
5362	Rhein-Erft-Kreis	<img src=COA_Rhein-Erft-Kreis.svg>	BM	Nordrhein-Westfalen	<img src=StateFlag_Nordrhein-Westfalen.svg>	<img src=StateCOA_Nordrhein-Westfalen.svg>	477 988	704	678	<img src=DistrictMap_Rhein-Erft-Kreis.png>	<img src=blank_districts_map.png>
6439	Rheingau-Taunus-Kreis	<img src=COA_Rheingau-Taunus-Kreis.svg>	RÜD, SWA	Hessen	<img src=StateFlag_Hessen.svg>	<img src=StateCOA_Hessen.svg>	185 651	811	229	<img src=DistrictMap_Rheingau-Taunus-Kreis.png>	<img src=blank_districts_map.png>
7140	Rhein-Hunsrück-Kreis	<img src=COA_Rhein-Hunsrück-Kreis.svg>	SIM, GOA	Rheinland-Pfalz	<img src=StateFlag_Rheinland-Pfalz.svg>	<img src=StateCOA_Rheinland-Pfalz.svg>	106 705	991	108	<img src=DistrictMap_Rhein-Hunsrück-Kreis.png>	<img src=blank_districts_map.png>
5378	Rheinisch-Bergischer Kreis	<img src=COA_Rheinisch-Bergischer_Kreis.svg>	GL	Nordrhein-Westfalen	<img src=StateFlag_Nordrhein-Westfalen.svg>	<img src=StateCOA_Nordrhein-Westfalen.svg>	284 273	437	650	<img src=DistrictMap_Rheinisch-Bergischer_Kreis.png>	<img src=blank_districts_map.png>
5162	Rhein-Kreis Neuss	<img src=COA_Rhein-Kreis_Neuss.svg>	NE, GV	Nordrhein-Westfalen	<img src=StateFlag_Nordrhein-Westfalen.svg>	<img src=StateCOA_Nordrhein-Westfalen.svg>	457 077	576	793	<img src=DistrictMap_Rhein-Kreis_Neuss.png>	<img src=blank_districts_map.png>
7141	Rhein-Lahn-Kreis	<img src=COA_Rhein-Lahn-Kreis.svg>	EMS, DIZ, GOH	Rheinland-Pfalz	<img src=StateFlag_Rheinland-Pfalz.svg>	<img src=StateCOA_Rheinland-Pfalz.svg>	125 588	782	161	<img src=DistrictMap_Rhein-Lahn-Kreis.png>	<img src=blank_districts_map.png>
8226	Rhein-Neckar-Kreis	<img src=COA_Rhein-Neckar-Kreis.svg>	HD	Baden-Württemberg	<img src=StateFlag_Baden-Württemberg.svg>	<img src=StateCOA_Baden-Württemberg.svg>	558 561	1 061	526	<img src=DistrictMap_Rhein-Neckar-Kreis.png>	<img src=blank_districts_map.png>
7338	Rhein-Pfalz-Kreis	<img src=COA_Rhein-Pfalz-Kreis.svg>	RP	Rheinland-Pfalz	<img src=StateFlag_Rheinland-Pfalz.svg>	<img src=StateCOA_Rheinland-Pfalz.svg>	155 882	305	511	<img src=DistrictMap_Rhein-Pfalz-Kreis.png>	<img src=blank_districts_map.png>
5382	Rhein-Sieg-Kreis	<img src=COA_Rhein-Sieg-Kreis.svg>	SU	Nordrhein-Westfalen	<img src=StateFlag_Nordrhein-Westfalen.svg>	<img src=StateCOA_Nordrhein-Westfalen.svg>	605 441	1 153	525	<img src=DistrictMap_Rhein-Sieg-Kreis.png>	<img src=blank_districts_map.png>
9673	Rhön-Grabfeld	<img src=COA_Rhön-Grabfeld.svg>	NES, KÖN, MET	Bayern	<img src=StateFlag_Bayern.svg>	<img src=StateCOA_Bayern.svg>	79 375	1 021	78	<img src=DistrictMap_Rhön-Grabfeld.png>	<img src=blank_districts_map.png>
9187	Rosenheim (Kreis)	<img src=COA_Rosenheim.svg>	RO, AIB, WS	Bayern	<img src=StateFlag_Bayern.svg>	<img src=StateCOA_Bayern.svg>	258 637	1 439	180	<img src=DistrictMap_Rosenheim_(Kreis).png>	<img src=blank_districts_map.png>
13072	Rostock (Kreis)	<img src=COA_Rostock.svg>	LRO, BÜZ, DBR, GÜ, ROS, TET	Mecklenburg-Vorpommern	<img src=StateFlag_Mecklenburg-Vorpommern.svg>	<img src=StateCOA_Mecklenburg-Vorpommern.svg>	218 721	3 431	64	<img src=DistrictMap_Rostock_(Kreis).png>	<img src=blank_districts_map.png>
3357	Rotenburg (Wümme)	<img src=COA_Rotenburg_(Wümme).svg>	ROW, BRV	Niedersachsen	<img src=StateFlag_Niedersachsen.svg>	<img src=StateCOA_Niedersachsen.svg>	165 904	2 074	80	<img src=DistrictMap_Rotenburg_(Wümme).png>	<img src=blank_districts_map.png>
9576	Roth	<img src=COA_Roth.svg>	RH, HIP	Bayern	<img src=StateFlag_Bayern.svg>	<img src=StateCOA_Bayern.svg>	128 632	895	144	<img src=DistrictMap_Roth.png>	<img src=blank_districts_map.png>
9277	Rottal-Inn	<img src=COA_Rottal-Inn.svg>	PAN, EG, GRI, VIB	Bayern	<img src=StateFlag_Bayern.svg>	<img src=StateCOA_Bayern.svg>	120 497	1 281	94	<img src=DistrictMap_Rottal-Inn.png>	<img src=blank_districts_map.png>
8325	Rottweil	<img src=COA_Rottweil.svg>	RW	Baden-Württemberg	<img src=StateFlag_Baden-Württemberg.svg>	<img src=StateCOA_Baden-Württemberg.svg>	140 237	769	182	<img src=DistrictMap_Rottweil.png>	<img src=blank_districts_map.png>
16074	Saale-Holzland-Kreis	<img src=COA_Saale-Holzland-Kreis.svg>	SHK, EIS, SRO	Thüringen	<img src=StateFlag_Thüringen.svg>	<img src=StateCOA_Thüringen.svg>	83 342	815	102	<img src=DistrictMap_Saale-Holzland-Kreis.png>	<img src=blank_districts_map.png>
15088	Saalekreis	<img src=COA_Saalekreis.svg>	SK, MER, MQ, QFT	Sachsen-Anhalt	<img src=StateFlag_Sachsen-Anhalt.svg>	<img src=StateCOA_Sachsen-Anhalt.svg>	182 451	1 434	127	<img src=DistrictMap_Saalekreis.png>	<img src=blank_districts_map.png>
16075	Saale-Orla-Kreis	<img src=COA_Saale-Orla-Kreis.svg>	SOK, LBS, PN, SCZ	Thüringen	<img src=StateFlag_Thüringen.svg>	<img src=StateCOA_Thüringen.svg>	77 341	1 151	67	<img src=DistrictMap_Saale-Orla-Kreis.png>	<img src=blank_districts_map.png>
16073	Saalfeld-Rudolstadt	<img src=COA_Saalfeld-Rudolstadt.svg>	SLF, RU	Thüringen	<img src=StateFlag_Thüringen.svg>	<img src=StateCOA_Thüringen.svg>	100 105	1 008	99	<img src=DistrictMap_Saalfeld-Rudolstadt.png>	<img src=blank_districts_map.png>
10041	Regionalverband Saarbrücken	<img src=COA_Regionalverband_Saarbrücken.svg>	SB, (VK)	Saarland	<img src=StateFlag_Saarland.svg>	<img src=StateCOA_Saarland.svg>	333 149	410	811	<img src=DistrictMap_Regionalverband_Saarbrücken.png>	<img src=blank_districts_map.png>
10044	Saarlouis	<img src=COA_Saarlouis.svg>	SLS	Saarland	<img src=StateFlag_Saarland.svg>	<img src=StateCOA_Saarland.svg>	205 129	459	447	<img src=DistrictMap_Saarlouis.png>	<img src=blank_districts_map.png>
10045	Saarpfalz-Kreis	<img src=COA_Saarpfalz-Kreis.svg>	HOM, (IGB)	Saarland	<img src=StateFlag_Saarland.svg>	<img src=StateCOA_Saarland.svg>	144 092	418	344	<img src=DistrictMap_Saarpfalz-Kreis.png>	<img src=blank_districts_map.png>
14628	Sächsische Schweiz-Osterzgebirge	<img src=COA_Sächsische_Schweiz-Osterzgebirge.svg>	PIR, DW, FTL, SEB	Sachsen	<img src=StateFlag_Sachsen.svg>	<img src=StateCOA_Sachsen.svg>	243 996	1 654	148	<img src=DistrictMap_Sächsische_Schweiz-Osterzgebirge.png>	<img src=blank_districts_map.png>
15089	Salzlandkreis	<img src=COA_Salzlandkreis.svg>	SLK, ASL, BBG, SBK, SFT	Sachsen-Anhalt	<img src=StateFlag_Sachsen-Anhalt.svg>	<img src=StateCOA_Sachsen-Anhalt.svg>	180 771	1 427	127	<img src=DistrictMap_Salzlandkreis.png>	<img src=blank_districts_map.png>
3257	Schaumburg	<img src=COA_Schaumburg.svg>	SHG, RI	Niedersachsen	<img src=StateFlag_Niedersachsen.svg>	<img src=StateCOA_Niedersachsen.svg>	156 841	675	232	<img src=DistrictMap_Schaumburg.png>	<img src=blank_districts_map.png>
1059	Schleswig-Flensburg	<img src=COA_Schleswig-Flensburg.svg>	SL	Schleswig-Holstein	<img src=StateFlag_Schleswig-Holstein.svg>	<img src=StateCOA_Schleswig-Holstein.svg>	205 472	2 071	99	<img src=DistrictMap_Schleswig-Flensburg.png>	<img src=blank_districts_map.png>
16066	Schmalkalden-Meiningen	<img src=COA_Schmalkalden-Meiningen.svg>	SM, MGN	Thüringen	<img src=StateFlag_Thüringen.svg>	<img src=StateCOA_Thüringen.svg>	120 214	1 251	96	<img src=DistrictMap_Schmalkalden-Meiningen.png>	<img src=blank_districts_map.png>
8127	Schwäbisch Hall	<img src=COA_Schwäbisch_Hall.svg>	SHA, BK, CR	Baden-Württemberg	<img src=StateFlag_Baden-Württemberg.svg>	<img src=StateCOA_Baden-Württemberg.svg>	200 902	1 484	135	<img src=DistrictMap_Schwäbisch_Hall.png>	<img src=blank_districts_map.png>
6634	Schwalm-Eder-Kreis	<img src=COA_Schwalm-Eder-Kreis.svg>	HR, FZ, MEG, ZIG	Hessen	<img src=StateFlag_Hessen.svg>	<img src=StateCOA_Hessen.svg>	180 071	1 539	117	<img src=DistrictMap_Schwalm-Eder-Kreis.png>	<img src=blank_districts_map.png>
9376	Schwandorf	<img src=COA_Schwandorf.svg>	SAD, BUL, NAB, NEN, OVI, ROD	Bayern	<img src=StateFlag_Bayern.svg>	<img src=StateCOA_Bayern.svg>	149 312	1 458	102	<img src=DistrictMap_Schwandorf.png>	<img src=blank_districts_map.png>
8326	Schwarzwald-Baar-Kreis	<img src=COA_Schwarzwald-Baar-Kreis.svg>	VS, DS	Baden-Württemberg	<img src=StateFlag_Baden-Württemberg.svg>	<img src=StateCOA_Baden-Württemberg.svg>	214 065	1 025	209	<img src=DistrictMap_Schwarzwald-Baar-Kreis.png>	<img src=blank_districts_map.png>
9678	Schweinfurt (Kreis)	<img src=COA_Schweinfurt.svg>	SW, GEO	Bayern	<img src=StateFlag_Bayern.svg>	<img src=StateCOA_Bayern.svg>	113 977	841	135	<img src=DistrictMap_Schweinfurt_(Kreis).png>	<img src=blank_districts_map.png>
1060	Segeberg	<img src=COA_Segeberg.svg>	SE	Schleswig-Holstein	<img src=StateFlag_Schleswig-Holstein.svg>	<img src=StateCOA_Schleswig-Holstein.svg>	283 562	1 344	211	<img src=DistrictMap_Segeberg.png>	<img src=blank_districts_map.png>
5970	Siegen-Wittgenstein	<img src=COA_Siegen-Wittgenstein.svg>	SI, BLB	Nordrhein-Westfalen	<img src=StateFlag_Nordrhein-Westfalen.svg>	<img src=StateCOA_Nordrhein-Westfalen.svg>	274 074	1 132	242	<img src=DistrictMap_Siegen-Wittgenstein.png>	<img src=blank_districts_map.png>
8437	Sigmaringen	<img src=COA_Sigmaringen.svg>	SIG, SLG, STO, ÜB	Baden-Württemberg	<img src=StateFlag_Baden-Württemberg.svg>	<img src=StateCOA_Baden-Württemberg.svg>	132 167	1 204	110	<img src=DistrictMap_Sigmaringen.png>	<img src=blank_districts_map.png>
5974	Soest	<img src=COA_Soest.svg>	SO, LP	Nordrhein-Westfalen	<img src=StateFlag_Nordrhein-Westfalen.svg>	<img src=StateCOA_Nordrhein-Westfalen.svg>	300 297	1 328	226	<img src=DistrictMap_Soest.png>	<img src=blank_districts_map.png>
16068	Sömmerda	<img src=COA_Sömmerda.svg>	SÖM	Thüringen	<img src=StateFlag_Thüringen.svg>	<img src=StateCOA_Thüringen.svg>	67 693	806	84	<img src=DistrictMap_Sömmerda.png>	<img src=blank_districts_map.png>
16072	Sonneberg	<img src=COA_Sonneberg.svg>	SON, NH	Thüringen	<img src=StateFlag_Thüringen.svg>	<img src=StateCOA_Thüringen.svg>	54 964	460	119	<img src=DistrictMap_Sonneberg.png>	<img src=blank_districts_map.png>
12071	Spree-Neiße	<img src=COA_Spree-Neiße.svg>	SPN, FOR, GUB, SPB	Brandenburg	<img src=StateFlag_Brandenburg.svg>	<img src=StateCOA_Brandenburg.svg>	109 635	1 656	66	<img src=DistrictMap_Spree-Neiße.png>	<img src=blank_districts_map.png>
10046	St. Wendel	<img src=COA_St._Wendel.svg>	WND	Saarland	<img src=StateFlag_Saarland.svg>	<img src=StateCOA_Saarland.svg>	87 813	476	184	<img src=DistrictMap_St._Wendel.png>	<img src=blank_districts_map.png>
3359	Stade	<img src=COA_Stade.svg>	STD	Niedersachsen	<img src=StateFlag_Niedersachsen.svg>	<img src=StateCOA_Niedersachsen.svg>	207 700	1 267	164	<img src=DistrictMap_Stade.png>	<img src=blank_districts_map.png>
9188	Starnberg	<img src=COA_Starnberg.svg>	STA, WOR	Bayern	<img src=StateFlag_Bayern.svg>	<img src=StateCOA_Bayern.svg>	139 329	487	286	<img src=DistrictMap_Starnberg.png>	<img src=blank_districts_map.png>
1061	Steinburg	<img src=COA_Steinburg.svg>	IZ	Schleswig-Holstein	<img src=StateFlag_Schleswig-Holstein.svg>	<img src=StateCOA_Schleswig-Holstein.svg>	132 731	1 055	126	<img src=DistrictMap_Steinburg.png>	<img src=blank_districts_map.png>
5566	Steinfurt	<img src=COA_Steinfurt.svg>	ST, BF, TE	Nordrhein-Westfalen	<img src=StateFlag_Nordrhein-Westfalen.svg>	<img src=StateCOA_Nordrhein-Westfalen.svg>	451 712	1 795	252	<img src=DistrictMap_Steinfurt.png>	<img src=blank_districts_map.png>
15090	Stendal	<img src=COA_Stendal.svg>	SDL, HV, OBG	Sachsen-Anhalt	<img src=StateFlag_Sachsen-Anhalt.svg>	<img src=StateCOA_Sachsen-Anhalt.svg>	106 538	2 424	44	<img src=DistrictMap_Stendal.png>	<img src=blank_districts_map.png>
1062	Stormarn	<img src=COA_Stormarn.svg>	OD	Schleswig-Holstein	<img src=StateFlag_Schleswig-Holstein.svg>	<img src=StateCOA_Schleswig-Holstein.svg>	246 974	766	322	<img src=DistrictMap_Stormarn.png>	<img src=blank_districts_map.png>
9278	Straubing-Bogen	<img src=COA_Straubing-Bogen.svg>	SR, BOG, MAL	Bayern	<img src=StateFlag_Bayern.svg>	<img src=StateCOA_Bayern.svg>	103 041	1 201	86	<img src=DistrictMap_Straubing-Bogen.png>	<img src=blank_districts_map.png>
7337	Südliche Weinstraße	<img src=COA_Südliche_Weinstraße.svg>	SÜW	Rheinland-Pfalz	<img src=StateFlag_Rheinland-Pfalz.svg>	<img src=StateCOA_Rheinland-Pfalz.svg>	113 031	639	177	<img src=DistrictMap_Südliche_Weinstraße.png>	<img src=blank_districts_map.png>
7340	Südwestpfalz	<img src=COA_Südwestpfalz.svg>	PS, ZW	Rheinland-Pfalz	<img src=StateFlag_Rheinland-Pfalz.svg>	<img src=StateCOA_Rheinland-Pfalz.svg>	89 974	953	94	<img src=DistrictMap_Südwestpfalz.png>	<img src=blank_districts_map.png>
12072	Teltow-Fläming	<img src=COA_Teltow-Fläming.svg>	TF, JB, LUK, ZS	Brandenburg	<img src=StateFlag_Brandenburg.svg>	<img src=StateCOA_Brandenburg.svg>	177 688	2 104	84	<img src=DistrictMap_Teltow-Fläming.png>	<img src=blank_districts_map.png>
9377	Tirschenreuth	<img src=COA_Tirschenreuth.svg>	TIR, KEM	Bayern	<img src=StateFlag_Bayern.svg>	<img src=StateCOA_Bayern.svg>	72 210	1 084	67	<img src=DistrictMap_Tirschenreuth.png>	<img src=blank_districts_map.png>
9189	Traunstein	<img src=COA_Traunstein.svg>	TS, LF	Bayern	<img src=StateFlag_Bayern.svg>	<img src=StateCOA_Bayern.svg>	175 144	1 533	114	<img src=DistrictMap_Traunstein.png>	<img src=blank_districts_map.png>
7235	Trier-Saarburg	<img src=COA_Trier-Saarburg.svg>	TR, SAB	Rheinland-Pfalz	<img src=StateFlag_Rheinland-Pfalz.svg>	<img src=StateCOA_Rheinland-Pfalz.svg>	148 953	1 102	135	<img src=DistrictMap_Trier-Saarburg.png>	<img src=blank_districts_map.png>
8416	Tübingen	<img src=COA_Tübingen.svg>	TÜ	Baden-Württemberg	<img src=StateFlag_Baden-Württemberg.svg>	<img src=StateCOA_Baden-Württemberg.svg>	233 546	519	450	<img src=DistrictMap_Tübingen.png>	<img src=blank_districts_map.png>
8327	Tuttlingen	<img src=COA_Tuttlingen.svg>	TUT	Baden-Württemberg	<img src=StateFlag_Baden-Württemberg.svg>	<img src=StateCOA_Baden-Württemberg.svg>	145 208	734	198	<img src=DistrictMap_Tuttlingen.png>	<img src=blank_districts_map.png>
12073	Uckermark	<img src=COA_Uckermark.svg>	UM, ANG, PZ, SDT, TP	Brandenburg	<img src=StateFlag_Brandenburg.svg>	<img src=StateCOA_Brandenburg.svg>	117 432	3 077	38	<img src=DistrictMap_Uckermark.png>	<img src=blank_districts_map.png>
3360	Uelzen	<img src=COA_Uelzen.svg>	UE	Niedersachsen	<img src=StateFlag_Niedersachsen.svg>	<img src=StateCOA_Niedersachsen.svg>	91 638	1 462	63	<img src=DistrictMap_Uelzen.png>	<img src=blank_districts_map.png>
5978	Unna	<img src=COA_Unna.svg>	UN, LH, LÜN	Nordrhein-Westfalen	<img src=StateFlag_Nordrhein-Westfalen.svg>	<img src=StateCOA_Nordrhein-Westfalen.svg>	393 784	543	725	<img src=DistrictMap_Unna.png>	<img src=blank_districts_map.png>
16064	Unstrut-Hainich-Kreis	<img src=COA_Unstrut-Hainich-Kreis.svg>	UH, LSZ, MHL	Thüringen	<img src=StateFlag_Thüringen.svg>	<img src=StateCOA_Thüringen.svg>	94 613	931	102	<img src=DistrictMap_Unstrut-Hainich-Kreis.png>	<img src=blank_districts_map.png>
9778	Unterallgäu	<img src=COA_Unterallgäu.svg>	MN	Bayern	<img src=StateFlag_Bayern.svg>	<img src=StateCOA_Bayern.svg>	147 255	1 229	120	<img src=DistrictMap_Unterallgäu.png>	<img src=blank_districts_map.png>
3460	Vechta	<img src=COA_Vechta.svg>	VEC	Niedersachsen	<img src=StateFlag_Niedersachsen.svg>	<img src=StateCOA_Niedersachsen.svg>	146 539	814	180	<img src=DistrictMap_Vechta.png>	<img src=blank_districts_map.png>
3361	Verden	<img src=COA_Verden.svg>	VER	Niedersachsen	<img src=StateFlag_Niedersachsen.svg>	<img src=StateCOA_Niedersachsen.svg>	138 626	789	176	<img src=DistrictMap_Verden.png>	<img src=blank_districts_map.png>
5166	Viersen	<img src=COA_Viersen.svg>	VIE, KK	Nordrhein-Westfalen	<img src=StateFlag_Nordrhein-Westfalen.svg>	<img src=StateCOA_Nordrhein-Westfalen.svg>	297 857	563	529	<img src=DistrictMap_Viersen.png>	<img src=blank_districts_map.png>
6535	Vogelsbergkreis	<img src=COA_Vogelsbergkreis.svg>	VB	Hessen	<img src=StateFlag_Hessen.svg>	<img src=StateCOA_Hessen.svg>	101 163	1 458	69	<img src=DistrictMap_Vogelsbergkreis.png>	<img src=blank_districts_map.png>
14523	Vogtlandkreis	<img src=COA_Vogtlandkreis.svg>	V, AE, OVL, PL, RC	Sachsen	<img src=StateFlag_Sachsen.svg>	<img src=StateCOA_Sachsen.svg>	219 100	1 412	155	<img src=DistrictMap_Vogtlandkreis.png>	<img src=blank_districts_map.png>
13075	Vorpommern-Greifswald	<img src=COA_Vorpommern-Greifswald.svg>	VG, ANK, GW, PW, SBG, UEM, WLG, (HGW)	Mecklenburg-Vorpommern	<img src=StateFlag_Mecklenburg-Vorpommern.svg>	<img src=StateCOA_Mecklenburg-Vorpommern.svg>	224 956	3 945	57	<img src=DistrictMap_Vorpommern-Greifswald.png>	<img src=blank_districts_map.png>
13073	Vorpommern-Rügen	<img src=COA_Vorpommern-Rügen.svg>	VR, GMN, NVP, RDG, RÜG, (HST)	Mecklenburg-Vorpommern	<img src=StateFlag_Mecklenburg-Vorpommern.svg>	<img src=StateCOA_Mecklenburg-Vorpommern.svg>	215 203	3 216	67	<img src=DistrictMap_Vorpommern-Rügen.png>	<img src=blank_districts_map.png>
7233	Vulkaneifel	<img src=COA_Vulkaneifel.svg>	DAU	Rheinland-Pfalz	<img src=StateFlag_Rheinland-Pfalz.svg>	<img src=StateCOA_Rheinland-Pfalz.svg>	59 313	911	65	<img src=DistrictMap_Vulkaneifel.png>	<img src=blank_districts_map.png>
6635	Waldeck-Frankenberg	<img src=COA_Waldeck-Frankenberg.svg>	KB, FKB, WA	Hessen	<img src=StateFlag_Hessen.svg>	<img src=StateCOA_Hessen.svg>	155 126	1 848	84	<img src=DistrictMap_Waldeck-Frankenberg.png>	<img src=blank_districts_map.png>
8337	Waldshut	<img src=COA_Waldshut.svg>	WT, SÄK	Baden-Württemberg	<img src=StateFlag_Baden-Württemberg.svg>	<img src=StateCOA_Baden-Württemberg.svg>	171 579	1 131	152	<img src=DistrictMap_Waldshut.png>	<img src=blank_districts_map.png>
5570	Warendorf	<img src=COA_Warendorf.svg>	WAF, BE	Nordrhein-Westfalen	<img src=StateFlag_Nordrhein-Westfalen.svg>	<img src=StateCOA_Nordrhein-Westfalen.svg>	282 639	1 319	214	<img src=DistrictMap_Warendorf.png>	<img src=blank_districts_map.png>
16063	Wartburgkreis	<img src=COA_Wartburgkreis.svg>	WAK, EA, SLZ	Thüringen	<img src=StateFlag_Thüringen.svg>	<img src=StateCOA_Thüringen.svg>	154 957	1 371	113	<img src=DistrictMap_Wartburgkreis.png>	<img src=blank_districts_map.png>
9190	Weilheim-Schongau	<img src=COA_Weilheim-Schongau.svg>	WM, SOG	Bayern	<img src=StateFlag_Bayern.svg>	<img src=StateCOA_Bayern.svg>	138 957	966	144	<img src=DistrictMap_Weilheim-Schongau.png>	<img src=blank_districts_map.png>
16071	Weimarer Land	<img src=COA_Weimarer_Land.svg>	AP, APD	Thüringen	<img src=StateFlag_Thüringen.svg>	<img src=StateCOA_Thüringen.svg>	82 392	804	102	<img src=DistrictMap_Weimarer_Land.png>	<img src=blank_districts_map.png>
9577	Weißenburg-Gunzenhausen	<img src=COA_Weißenburg-Gunzenhausen.svg>	WUG, GUN	Bayern	<img src=StateFlag_Bayern.svg>	<img src=StateCOA_Bayern.svg>	94 695	970	98	<img src=DistrictMap_Weißenburg-Gunzenhausen.png>	<img src=blank_districts_map.png>
6636	Werra-Meißner-Kreis	<img src=COA_Werra-Meißner-Kreis.svg>	ESW, WIZ	Hessen	<img src=StateFlag_Hessen.svg>	<img src=StateCOA_Hessen.svg>	97 695	1 024	95	<img src=DistrictMap_Werra-Meißner-Kreis.png>	<img src=blank_districts_map.png>
5170	Wesel	<img src=COA_Wesel.svg>	WES, DIN, MO	Nordrhein-Westfalen	<img src=StateFlag_Nordrhein-Westfalen.svg>	<img src=StateCOA_Nordrhein-Westfalen.svg>	457 918	1 042	439	<img src=DistrictMap_Wesel.png>	<img src=blank_districts_map.png>
3461	Wesermarsch	<img src=COA_Wesermarsch.svg>	BRA	Niedersachsen	<img src=StateFlag_Niedersachsen.svg>	<img src=StateCOA_Niedersachsen.svg>	88 936	824	108	<img src=DistrictMap_Wesermarsch.png>	<img src=blank_districts_map.png>
7143	Westerwaldkreis	<img src=COA_Westerwaldkreis.svg>	WW	Rheinland-Pfalz	<img src=StateFlag_Rheinland-Pfalz.svg>	<img src=StateCOA_Rheinland-Pfalz.svg>	207 803	989	210	<img src=DistrictMap_Westerwaldkreis.png>	<img src=blank_districts_map.png>
6440	Wetteraukreis	<img src=COA_Wetteraukreis.svg>	FB, BÜD	Hessen	<img src=StateFlag_Hessen.svg>	<img src=StateCOA_Hessen.svg>	311 593	1 100	283	<img src=DistrictMap_Wetteraukreis.png>	<img src=blank_districts_map.png>
15091	Wittenberg	<img src=COA_Wittenberg.svg>	WB, GHC, JE	Sachsen-Anhalt	<img src=StateFlag_Sachsen-Anhalt.svg>	<img src=StateCOA_Sachsen-Anhalt.svg>	121 694	1 931	63	<img src=DistrictMap_Wittenberg.png>	<img src=blank_districts_map.png>
3462	Wittmund	<img src=COA_Wittmund.svg>	WTM	Niedersachsen	<img src=StateFlag_Niedersachsen.svg>	<img src=StateCOA_Niedersachsen.svg>	55 969	656	85	<img src=DistrictMap_Wittmund.png>	<img src=blank_districts_map.png>
3158	Wolfenbüttel	<img src=COA_Wolfenbüttel.svg>	WF	Niedersachsen	<img src=StateFlag_Niedersachsen.svg>	<img src=StateCOA_Niedersachsen.svg>	118 290	724	163	<img src=DistrictMap_Wolfenbüttel.png>	<img src=blank_districts_map.png>
9479	Wunsiedel im Fichtelgebirge	<img src=COA_Wunsiedel_im_Fichtelgebirge.svg>	WUN, MAK, REH, SEL	Bayern	<img src=StateFlag_Bayern.svg>	<img src=StateCOA_Bayern.svg>	70 549	606	116	<img src=DistrictMap_Wunsiedel_im_Fichtelgebirge.png>	<img src=blank_districts_map.png>
9679	Würzburg (Kreis)	<img src=COA_Würzburg.svg>	WÜ, OCH	Bayern	<img src=StateFlag_Bayern.svg>	<img src=StateCOA_Bayern.svg>	162 216	968	168	<img src=DistrictMap_Würzburg_(Kreis).png>	<img src=blank_districts_map.png>
8417	Zollernalbkreis	<img src=COA_Zollernalbkreis.svg>	BL, HCH	Baden-Württemberg	<img src=StateFlag_Baden-Württemberg.svg>	<img src=StateCOA_Baden-Württemberg.svg>	193 326	917	211	<img src=DistrictMap_Zollernalbkreis.png>	<img src=blank_districts_map.png>
14524	Zwickau	<img src=COA_Zwickau.svg>	Z, GC, HOT, WDA	Sachsen	<img src=StateFlag_Sachsen.svg>	<img src=StateCOA_Sachsen.svg>	306 793	949	323	<img src=DistrictMap_Zwickau.png>	<img src=blank_districts_map.png>
9361	Amberg	<img src=COA_Amberg.svg>	AM	Bayern	<img src=StateFlag_Bayern.svg>	<img src=StateCOA_Bayern.svg>	42 553	50	849	<img src=DistrictMap_Amberg.png>	<img src=blank_districts_map.png>
9561	Ansbach (Stadt)	<img src=COA_Ansbach.svg>	AN	Bayern	<img src=StateFlag_Bayern.svg>	<img src=StateCOA_Bayern.svg>	40 742	99	408	<img src=DistrictMap_Ansbach_(Stadt).png>	<img src=blank_districts_map.png>
9661	Aschaffenburg (Stadt)	<img src=COA_Aschaffenburg.svg>	AB	Bayern	<img src=StateFlag_Bayern.svg>	<img src=StateCOA_Bayern.svg>	73 091	62	1170	<img src=DistrictMap_Aschaffenburg_(Stadt).png>	<img src=blank_districts_map.png>
9761	Augsburg (Stadt)	<img src=COA_Augsburg.svg>	A	Bayern	<img src=StateFlag_Bayern.svg>	<img src=StateCOA_Bayern.svg>	301 105	146	2050	<img src=DistrictMap_Augsburg_(Stadt).png>	<img src=blank_districts_map.png>
8211	Baden-Baden	<img src=COA_Baden-Baden.svg>	BAD	Baden-Württemberg	<img src=StateFlag_Baden-Württemberg.svg>	<img src=StateCOA_Baden-Württemberg.svg>	56 881	140	406	<img src=DistrictMap_Baden-Baden.png>	<img src=blank_districts_map.png>
9461	Bamberg (Stadt)	<img src=COA_Bamberg.svg>	BA	Bayern	<img src=StateFlag_Bayern.svg>	<img src=StateCOA_Bayern.svg>	77 150	54	1412	<img src=DistrictMap_Bamberg_(Stadt).png>	<img src=blank_districts_map.png>
9462	Bayreuth (Stadt)	<img src=COA_Bayreuth.svg>	BT	Bayern	<img src=StateFlag_Bayern.svg>	<img src=StateCOA_Bayern.svg>	72 940	66	1090	<img src=DistrictMap_Bayreuth_(Stadt).png>	<img src=blank_districts_map.png>
11000	Berlin	<img src=COA_Berlin.svg>	B	Berlin	<img src=StateFlag_Berlin.svg>	<img src=StateCOA_Berlin.svg>	3 685 265	891	4241	<img src=DistrictMap_Berlin.png>	<img src=blank_districts_map.png>
5711	Bielefeld	<img src=COA_Bielefeld.svg>	BI	Nordrhein-Westfalen	<img src=StateFlag_Nordrhein-Westfalen.svg>	<img src=StateCOA_Nordrhein-Westfalen.svg>	331 605	258	1281	<img src=DistrictMap_Bielefeld.png>	<img src=blank_districts_map.png>
5911	Bochum	<img src=COA_Bochum.svg>	BO, WAT	Nordrhein-Westfalen	<img src=StateFlag_Nordrhein-Westfalen.svg>	<img src=StateCOA_Nordrhein-Westfalen.svg>	358 676	145	2462	<img src=DistrictMap_Bochum.png>	<img src=blank_districts_map.png>
5314	Bonn	<img src=COA_Bonn.svg>	BN	Nordrhein-Westfalen	<img src=StateFlag_Nordrhein-Westfalen.svg>	<img src=StateCOA_Nordrhein-Westfalen.svg>	323 336	141	2292	<img src=DistrictMap_Bonn.png>	<img src=blank_districts_map.png>
5512	Bottrop	<img src=COA_Bottrop.svg>	BOT	Nordrhein-Westfalen	<img src=StateFlag_Nordrhein-Westfalen.svg>	<img src=StateCOA_Nordrhein-Westfalen.svg>	118 535	100	1178	<img src=DistrictMap_Bottrop.png>	<img src=blank_districts_map.png>
12051	Brandenburg an der Havel	<img src=COA_Brandenburg.svg>	BRB	Brandenburg	<img src=StateFlag_Brandenburg.svg>	<img src=StateCOA_Brandenburg.svg>	74 113	229	323	<img src=DistrictMap_Brandenburg_an_der_Havel.png>	<img src=blank_districts_map.png>
3101	Braunschweig	<img src=COA_Braunschweig.svg>	BS	Niedersachsen	<img src=StateFlag_Niedersachsen.svg>	<img src=StateCOA_Niedersachsen.svg>	252 962	192	1313	<img src=DistrictMap_Braunschweig.png>	<img src=blank_districts_map.png>
4011	Bremen	<img src=COA_Bremen.svg>	HB	Bremen	<img src=StateFlag_Bremen.svg>	<img src=StateCOA_Bremen.svg>	586 271	318	1842	<img src=DistrictMap_Bremen.png>	<img src=blank_districts_map.png>
4012	Bremerhaven	<img src=COA_Bremerhaven.svg>	HB	Bremen	<img src=StateFlag_Bremen.svg>	<img src=StateCOA_Bremen.svg>	118 610	101	1170	<img src=DistrictMap_Bremerhaven.png>	<img src=blank_districts_map.png>
14511	Chemnitz	<img src=COA_Chemnitz.svg>	C	Sachsen	<img src=StateFlag_Sachsen.svg>	<img src=StateCOA_Sachsen.svg>	245 618	221	1111	<img src=DistrictMap_Chemnitz.png>	<img src=blank_districts_map.png>
9463	Coburg (Stadt)	<img src=COA_Coburg.svg>	CO, NEC	Bayern	<img src=StateFlag_Bayern.svg>	<img src=StateCOA_Bayern.svg>	41 064	48	850	<img src=DistrictMap_Coburg_(Stadt).png>	<img src=blank_districts_map.png>
12052	Cottbus	<img src=COA_Cottbus.svg>	CB	Brandenburg	<img src=StateFlag_Brandenburg.svg>	<img src=StateCOA_Brandenburg.svg>	95 123	165	574	<img src=DistrictMap_Cottbus.png>	<img src=blank_districts_map.png>
6411	Darmstadt	<img src=COA_Darmstadt.svg>	DA	Hessen	<img src=StateFlag_Hessen.svg>	<img src=StateCOA_Hessen.svg>	167 029	122	1368	<img src=DistrictMap_Darmstadt.png>	<img src=blank_districts_map.png>
3401	Delmenhorst	<img src=COA_Delmenhorst.svg>	DEL	Niedersachsen	<img src=StateFlag_Niedersachsen.svg>	<img src=StateCOA_Niedersachsen.svg>	81 406	62	1304	<img src=DistrictMap_Delmenhorst.png>	<img src=blank_districts_map.png>
15001	Dessau-Roßlau	<img src=COA_Dessau-Roßlau.svg>	DE, RSL	Sachsen-Anhalt	<img src=StateFlag_Sachsen-Anhalt.svg>	<img src=StateCOA_Sachsen-Anhalt.svg>	75 402	244	308	<img src=DistrictMap_Dessau-Roßlau.png>	<img src=blank_districts_map.png>
5913	Dortmund	<img src=COA_Dortmund.svg>	DO	Nordrhein-Westfalen	<img src=StateFlag_Nordrhein-Westfalen.svg>	<img src=StateCOA_Nordrhein-Westfalen.svg>	603 462	280	2150	<img src=DistrictMap_Dortmund.png>	<img src=blank_districts_map.png>
14612	Dresden	<img src=COA_Dresden.svg>	DD	Sachsen	<img src=StateFlag_Sachsen.svg>	<img src=StateCOA_Sachsen.svg>	564 904	328	1720	<img src=DistrictMap_Dresden.png>	<img src=blank_districts_map.png>
5112	Duisburg	<img src=COA_Duisburg.svg>	DU	Nordrhein-Westfalen	<img src=StateFlag_Nordrhein-Westfalen.svg>	<img src=StateCOA_Nordrhein-Westfalen.svg>	502 270	232	2158	<img src=DistrictMap_Duisburg.png>	<img src=blank_districts_map.png>
5111	Düsseldorf	<img src=COA_Düsseldorf.svg>	D	Nordrhein-Westfalen	<img src=StateFlag_Nordrhein-Westfalen.svg>	<img src=StateCOA_Nordrhein-Westfalen.svg>	618 685	217	2846	<img src=DistrictMap_Düsseldorf.png>	<img src=blank_districts_map.png>
3402	Emden	<img src=COA_Emden.svg>	EMD	Niedersachsen	<img src=StateFlag_Niedersachsen.svg>	<img src=StateCOA_Niedersachsen.svg>	49 202	112	438	<img src=DistrictMap_Emden.png>	<img src=blank_districts_map.png>
16051	Erfurt	<img src=COA_Erfurt.svg>	EF	Thüringen	<img src=StateFlag_Thüringen.svg>	<img src=StateCOA_Thüringen.svg>	218 793	269	811	<img src=DistrictMap_Erfurt.png>	<img src=blank_districts_map.png>
9562	Erlangen	<img src=COA_Erlangen.svg>	ER	Bayern	<img src=StateFlag_Bayern.svg>	<img src=StateCOA_Bayern.svg>	115 928	76	1506	<img src=DistrictMap_Erlangen.png>	<img src=blank_districts_map.png>
5113	Essen	<img src=COA_Essen.svg>	E	Nordrhein-Westfalen	<img src=StateFlag_Nordrhein-Westfalen.svg>	<img src=StateCOA_Nordrhein-Westfalen.svg>	574 682	210	2732	<img src=DistrictMap_Essen.png>	<img src=blank_districts_map.png>
1001	Flensburg	<img src=COA_Flensburg.svg>	FL	Schleswig-Holstein	<img src=StateFlag_Schleswig-Holstein.svg>	<img src=StateCOA_Schleswig-Holstein.svg>	96 326	56	1698	<img src=DistrictMap_Flensburg.png>	<img src=blank_districts_map.png>
7311	Frankenthal (Pfalz)	<img src=COA_Frankenthal.svg>	FT	Rheinland-Pfalz	<img src=StateFlag_Rheinland-Pfalz.svg>	<img src=StateCOA_Rheinland-Pfalz.svg>	48 140	43	1097	<img src=DistrictMap_Frankenthal_(Pfalz).png>	<img src=blank_districts_map.png>
12053	Frankfurt (Oder)	<img src=COA_Frankfurt.svg>	FF	Brandenburg	<img src=StateFlag_Brandenburg.svg>	<img src=StateCOA_Brandenburg.svg>	57 107	147	386	<img src=DistrictMap_Frankfurt_(Oder).png>	<img src=blank_districts_map.png>
6412	Frankfurt am Main	<img src=COA_Frankfurt.svg>	F	Hessen	<img src=StateFlag_Hessen.svg>	<img src=StateCOA_Hessen.svg>	756 021	248	3045	<img src=DistrictMap_Frankfurt_am_Main.png>	<img src=blank_districts_map.png>
8311	Freiburg im Breisgau	<img src=COA_Freiburg.svg>	FR	Baden-Württemberg	<img src=StateFlag_Baden-Württemberg.svg>	<img src=StateCOA_Baden-Württemberg.svg>	237 460	153	1552	<img src=DistrictMap_Freiburg_im_Breisgau.png>	<img src=blank_districts_map.png>
9563	Fürth (Stadt)	<img src=COA_Fürth.svg>	FÜ	Bayern	<img src=StateFlag_Bayern.svg>	<img src=StateCOA_Bayern.svg>	132 036	63	2084	<img src=DistrictMap_Fürth_(Stadt).png>	<img src=blank_districts_map.png>
5513	Gelsenkirchen	<img src=COA_Gelsenkirchen.svg>	GE	Nordrhein-Westfalen	<img src=StateFlag_Nordrhein-Westfalen.svg>	<img src=StateCOA_Nordrhein-Westfalen.svg>	267 930	104	2553	<img src=DistrictMap_Gelsenkirchen.png>	<img src=blank_districts_map.png>
16052	Gera	<img src=COA_Gera.svg>	G	Thüringen	<img src=StateFlag_Thüringen.svg>	<img src=StateCOA_Thüringen.svg>	95 608	152	628	<img src=DistrictMap_Gera.png>	<img src=blank_districts_map.png>
5914	Hagen	<img src=COA_Hagen.svg>	HA	Nordrhein-Westfalen	<img src=StateFlag_Nordrhein-Westfalen.svg>	<img src=StateCOA_Nordrhein-Westfalen.svg>	190 384	160	1187	<img src=DistrictMap_Hagen.png>	<img src=blank_districts_map.png>
15002	Halle (Saale)	<img src=COA_Halle.svg>	HAL	Sachsen-Anhalt	<img src=StateFlag_Sachsen-Anhalt.svg>	<img src=StateCOA_Sachsen-Anhalt.svg>	226 767	135	1680	<img src=DistrictMap_Halle_(Saale).png>	<img src=blank_districts_map.png>
2000	Hamburg	<img src=COA_Hamburg.svg>	HH	Hamburg	<img src=StateFlag_Hamburg.svg>	<img src=StateCOA_Hamburg.svg>	1 862 565	755	2614	<img src=DistrictMap_Hamburg.png>	<img src=blank_districts_map.png>
5915	Hamm	<img src=COA_Hamm.svg>	HAM	Nordrhein-Westfalen	<img src=StateFlag_Nordrhein-Westfalen.svg>	<img src=StateCOA_Nordrhein-Westfalen.svg>	179 968	226	795	<img src=DistrictMap_Hamm.png>	<img src=blank_districts_map.png>
8221	Heidelberg	<img src=COA_Heidelberg.svg>	HD	Baden-Württemberg	<img src=StateFlag_Baden-Württemberg.svg>	<img src=StateCOA_Baden-Württemberg.svg>	155 756	108	1431	<img src=DistrictMap_Heidelberg.png>	<img src=blank_districts_map.png>
8121	Heilbronn (Stadt)	<img src=COA_Heilbronn.svg>	HN	Baden-Württemberg	<img src=StateFlag_Baden-Württemberg.svg>	<img src=StateCOA_Baden-Württemberg.svg>	131 986	99	1321	<img src=DistrictMap_Heilbronn_(Stadt).png>	<img src=blank_districts_map.png>
5916	Herne	<img src=COA_Herne.svg>	HER, WAN	Nordrhein-Westfalen	<img src=StateFlag_Nordrhein-Westfalen.svg>	<img src=StateCOA_Nordrhein-Westfalen.svg>	155 851	51	3031	<img src=DistrictMap_Herne.png>	<img src=blank_districts_map.png>
9464	Hof (Stadt)	<img src=COA_Hof.svg>	HO	Bayern	<img src=StateFlag_Bayern.svg>	<img src=StateCOA_Bayern.svg>	46 778	58	806	<img src=DistrictMap_Hof_(Stadt).png>	<img src=blank_districts_map.png>
9161	Ingolstadt	<img src=COA_Ingolstadt.svg>	IN	Bayern	<img src=StateFlag_Bayern.svg>	<img src=StateCOA_Bayern.svg>	141 185	133	1059	<img src=DistrictMap_Ingolstadt.png>	<img src=blank_districts_map.png>
16053	Jena	<img src=COA_Jena.svg>	J	Thüringen	<img src=StateFlag_Thüringen.svg>	<img src=StateCOA_Thüringen.svg>	109 725	114	956	<img src=DistrictMap_Jena.png>	<img src=blank_districts_map.png>
7312	Kaiserslautern (Stadt)	<img src=COA_Kaiserslautern.svg>	KL	Rheinland-Pfalz	<img src=StateFlag_Rheinland-Pfalz.svg>	<img src=StateCOA_Rheinland-Pfalz.svg>	100 426	139	719	<img src=DistrictMap_Kaiserslautern_(Stadt).png>	<img src=blank_districts_map.png>
8212	Karlsruhe (Stadt)	<img src=COA_Karlsruhe.svg>	KA	Baden-Württemberg	<img src=StateFlag_Baden-Württemberg.svg>	<img src=StateCOA_Baden-Württemberg.svg>	309 050	173	1782	<img src=DistrictMap_Karlsruhe_(Stadt).png>	<img src=blank_districts_map.png>
6611	Kassel (Stadt)	<img src=COA_Kassel.svg>	KS	Hessen	<img src=StateFlag_Hessen.svg>	<img src=StateCOA_Hessen.svg>	197 230	106	1847	<img src=DistrictMap_Kassel_(Stadt).png>	<img src=blank_districts_map.png>
9762	Kaufbeuren	<img src=COA_Kaufbeuren.svg>	KF	Bayern	<img src=StateFlag_Bayern.svg>	<img src=StateCOA_Bayern.svg>	46 193	40	1154	<img src=DistrictMap_Kaufbeuren.png>	<img src=blank_districts_map.png>
9763	Kempten (Allgäu)	<img src=COA_Kempten.svg>	KE	Bayern	<img src=StateFlag_Bayern.svg>	<img src=StateCOA_Bayern.svg>	67 645	63	1069	<img src=DistrictMap_Kempten_(Allgäu).png>	<img src=blank_districts_map.png>
1002	Kiel	<img src=COA_Kiel.svg>	KI	Schleswig-Holstein	<img src=StateFlag_Schleswig-Holstein.svg>	<img src=StateCOA_Schleswig-Holstein.svg>	252 668	118	2130	<img src=DistrictMap_Kiel.png>	<img src=blank_districts_map.png>
7111	Koblenz	<img src=COA_Koblenz.svg>	KO	Rheinland-Pfalz	<img src=StateFlag_Rheinland-Pfalz.svg>	<img src=StateCOA_Rheinland-Pfalz.svg>	113 378	105	1077	<img src=DistrictMap_Koblenz.png>	<img src=blank_districts_map.png>
5315	Köln	<img src=COA_Köln.svg>	K	Nordrhein-Westfalen	<img src=StateFlag_Nordrhein-Westfalen.svg>	<img src=StateCOA_Nordrhein-Westfalen.svg>	1 024 621	405	2530	<img src=DistrictMap_Köln.png>	<img src=blank_districts_map.png>
5114	Krefeld	<img src=COA_Krefeld.svg>	KR	Nordrhein-Westfalen	<img src=StateFlag_Nordrhein-Westfalen.svg>	<img src=StateCOA_Nordrhein-Westfalen.svg>	231 406	137	1680	<img src=DistrictMap_Krefeld.png>	<img src=blank_districts_map.png>
7313	Landau in der Pfalz	<img src=COA_Landau.svg>	LD	Rheinland-Pfalz	<img src=StateFlag_Rheinland-Pfalz.svg>	<img src=StateCOA_Rheinland-Pfalz.svg>	48 209	82	581	<img src=DistrictMap_Landau_in_der_Pfalz.png>	<img src=blank_districts_map.png>
9261	Landshut (Stadt)	<img src=COA_Landshut.svg>	LA	Bayern	<img src=StateFlag_Bayern.svg>	<img src=StateCOA_Bayern.svg>	71 863	65	1092	<img src=DistrictMap_Landshut_(Stadt).png>	<img src=blank_districts_map.png>
14713	Leipzig (Stadt)	<img src=COA_Leipzig.svg>	L	Sachsen	<img src=StateFlag_Sachsen.svg>	<img src=StateCOA_Sachsen.svg>	611 850	297	2055	<img src=DistrictMap_Leipzig_(Stadt).png>	<img src=blank_districts_map.png>
5316	Leverkusen	<img src=COA_Leverkusen.svg>	LEV, OP	Nordrhein-Westfalen	<img src=StateFlag_Nordrhein-Westfalen.svg>	<img src=StateCOA_Nordrhein-Westfalen.svg>	168 581	78	2137	<img src=DistrictMap_Leverkusen.png>	<img src=blank_districts_map.png>
1003	Lübeck	<img src=COA_Lübeck.svg>	HL	Schleswig-Holstein	<img src=StateFlag_Schleswig-Holstein.svg>	<img src=StateCOA_Schleswig-Holstein.svg>	216 889	214	1013	<img src=DistrictMap_Lübeck.png>	<img src=blank_districts_map.png>
7314	Ludwigshafen am Rhein	<img src=COA_Ludwigshafen.svg>	LU	Rheinland-Pfalz	<img src=StateFlag_Rheinland-Pfalz.svg>	<img src=StateCOA_Rheinland-Pfalz.svg>	177 222	77	2289	<img src=DistrictMap_Ludwigshafen_am_Rhein.png>	<img src=blank_districts_map.png>
15003	Magdeburg	<img src=COA_Magdeburg.svg>	MD	Sachsen-Anhalt	<img src=StateFlag_Sachsen-Anhalt.svg>	<img src=StateCOA_Sachsen-Anhalt.svg>	244 329	201	1215	<img src=DistrictMap_Magdeburg.png>	<img src=blank_districts_map.png>
7315	Mainz	<img src=COA_Mainz.svg>	MZ	Rheinland-Pfalz	<img src=StateFlag_Rheinland-Pfalz.svg>	<img src=StateCOA_Rheinland-Pfalz.svg>	224 684	97	2299	<img src=DistrictMap_Mainz.png>	<img src=blank_districts_map.png>
8222	Mannheim	<img src=COA_Mannheim.svg>	MA	Baden-Württemberg	<img src=StateFlag_Baden-Württemberg.svg>	<img src=StateCOA_Baden-Württemberg.svg>	318 035	144	2194	<img src=DistrictMap_Mannheim.png>	<img src=blank_districts_map.png>
9764	Memmingen	<img src=COA_Memmingen.svg>	MM	Bayern	<img src=StateFlag_Bayern.svg>	<img src=StateCOA_Bayern.svg>	44 192	70	630	<img src=DistrictMap_Memmingen.png>	<img src=blank_districts_map.png>
5116	Mönchengladbach	<img src=COA_Mönchengladbach.svg>	MG	Nordrhein-Westfalen	<img src=StateFlag_Nordrhein-Westfalen.svg>	<img src=StateCOA_Nordrhein-Westfalen.svg>	267 213	170	1568	<img src=DistrictMap_Mönchengladbach.png>	<img src=blank_districts_map.png>
5117	Mülheim an der Ruhr	<img src=COA_Mülheim.svg>	MH	Nordrhein-Westfalen	<img src=StateFlag_Nordrhein-Westfalen.svg>	<img src=StateCOA_Nordrhein-Westfalen.svg>	173 050	91	1896	<img src=DistrictMap_Mülheim_an_der_Ruhr.png>	<img src=blank_districts_map.png>
9162	München (Stadt)	<img src=COA_München.svg>	M, MUC	Bayern	<img src=StateFlag_Bayern.svg>	<img src=StateCOA_Bayern.svg>	1 505 005	310	4844	<img src=DistrictMap_München_(Stadt).png>	<img src=blank_districts_map.png>
5515	Münster	<img src=COA_Münster.svg>	MS	Nordrhein-Westfalen	<img src=StateFlag_Nordrhein-Westfalen.svg>	<img src=StateCOA_Nordrhein-Westfalen.svg>	308 258	303	1016	<img src=DistrictMap_Münster.png>	<img src=blank_districts_map.png>
1004	Neumünster	<img src=COA_Neumünster.svg>	NMS	Schleswig-Holstein	<img src=StateFlag_Schleswig-Holstein.svg>	<img src=StateCOA_Schleswig-Holstein.svg>	79 809	71	1114	<img src=DistrictMap_Neumünster.png>	<img src=blank_districts_map.png>
7316	Neustadt an der Weinstraße	<img src=COA_Neustadt.svg>	NW	Rheinland-Pfalz	<img src=StateFlag_Rheinland-Pfalz.svg>	<img src=StateCOA_Rheinland-Pfalz.svg>	52 945	117	452	<img src=DistrictMap_Neustadt_an_der_Weinstraße.png>	<img src=blank_districts_map.png>
9564	Nürnberg	<img src=COA_Nürnberg.svg>	N	Bayern	<img src=StateFlag_Bayern.svg>	<img src=StateCOA_Bayern.svg>	529 508	186	2840	<img src=DistrictMap_Nürnberg.png>	<img src=blank_districts_map.png>
5119	Oberhausen	<img src=COA_Oberhausen.svg>	OB	Nordrhein-Westfalen	<img src=StateFlag_Nordrhein-Westfalen.svg>	<img src=StateCOA_Nordrhein-Westfalen.svg>	213 646	77	2771	<img src=DistrictMap_Oberhausen.png>	<img src=blank_districts_map.png>
6413	Offenbach am Main	<img src=COA_Offenbach.svg>	OF	Hessen	<img src=StateFlag_Hessen.svg>	<img src=StateCOA_Hessen.svg>	132 746	44	2958	<img src=DistrictMap_Offenbach_am_Main.png>	<img src=blank_districts_map.png>
3403	Oldenburg (Stadt)	<img src=COA_Oldenburg.svg>	OL	Niedersachsen	<img src=StateFlag_Niedersachsen.svg>	<img src=StateCOA_Niedersachsen.svg>	176 614	103	1713	<img src=DistrictMap_Oldenburg_(Stadt).png>	<img src=blank_districts_map.png>
3404	Osnabrück (Stadt)	<img src=COA_Osnabrück.svg>	OS	Niedersachsen	<img src=StateFlag_Niedersachsen.svg>	<img src=StateCOA_Niedersachsen.svg>	166 057	119	1386	<img src=DistrictMap_Osnabrück_(Stadt).png>	<img src=blank_districts_map.png>
9262	Passau (Stadt)	<img src=COA_Passau.svg>	PA	Bayern	<img src=StateFlag_Bayern.svg>	<img src=StateCOA_Bayern.svg>	53 039	69	762	<img src=DistrictMap_Passau_(Stadt).png>	<img src=blank_districts_map.png>
8231	Pforzheim	<img src=COA_Pforzheim.svg>	PF	Baden-Württemberg	<img src=StateFlag_Baden-Württemberg.svg>	<img src=StateCOA_Baden-Württemberg.svg>	134 912	97	1377	<img src=DistrictMap_Pforzheim.png>	<img src=blank_districts_map.png>
7317	Pirmasens	<img src=COA_Pirmasens.svg>	PS	Rheinland-Pfalz	<img src=StateFlag_Rheinland-Pfalz.svg>	<img src=StateCOA_Rheinland-Pfalz.svg>	39 761	61	648	<img src=DistrictMap_Pirmasens.png>	<img src=blank_districts_map.png>
12054	Potsdam	<img src=COA_Potsdam.svg>	P	Brandenburg	<img src=StateFlag_Brandenburg.svg>	<img src=StateCOA_Brandenburg.svg>	184 754	188	981	<img src=DistrictMap_Potsdam.png>	<img src=blank_districts_map.png>
9362	Regensburg (Stadt)	<img src=COA_Regensburg.svg>	R	Bayern	<img src=StateFlag_Bayern.svg>	<img src=StateCOA_Bayern.svg>	151 389	80	1872	<img src=DistrictMap_Regensburg_(Stadt).png>	<img src=blank_districts_map.png>
5120	Remscheid	<img src=COA_Remscheid.svg>	RS	Nordrhein-Westfalen	<img src=StateFlag_Nordrhein-Westfalen.svg>	<img src=StateCOA_Nordrhein-Westfalen.svg>	113 828	74	1527	<img src=DistrictMap_Remscheid.png>	<img src=blank_districts_map.png>
9163	Rosenheim (Stadt)	<img src=COA_Rosenheim.svg>	RO	Bayern	<img src=StateFlag_Bayern.svg>	<img src=StateCOA_Bayern.svg>	65 274	37	1754	<img src=DistrictMap_Rosenheim_(Stadt).png>	<img src=blank_districts_map.png>
13003	Rostock (Stadt)	<img src=COA_Rostock.svg>	HRO	Mecklenburg-Vorpommern	<img src=StateFlag_Mecklenburg-Vorpommern.svg>	<img src=StateCOA_Mecklenburg-Vorpommern.svg>	205 307	181	1132	<img src=DistrictMap_Rostock_(Stadt).png>	<img src=blank_districts_map.png>
3102	Salzgitter	<img src=COA_Salzgitter.svg>	SZ	Niedersachsen	<img src=StateFlag_Niedersachsen.svg>	<img src=StateCOA_Niedersachsen.svg>	104 970	224	468	<img src=DistrictMap_Salzgitter.png>	<img src=blank_districts_map.png>
9565	Schwabach	<img src=COA_Schwabach.svg>	SC	Bayern	<img src=StateFlag_Bayern.svg>	<img src=StateCOA_Bayern.svg>	40 835	40	1001	<img src=DistrictMap_Schwabach.png>	<img src=blank_districts_map.png>
9662	Schweinfurt (Stadt)	<img src=COA_Schweinfurt.svg>	SW	Bayern	<img src=StateFlag_Bayern.svg>	<img src=StateCOA_Bayern.svg>	54 481	35	1526	<img src=DistrictMap_Schweinfurt_(Stadt).png>	<img src=blank_districts_map.png>
13004	Schwerin	<img src=COA_Schwerin.svg>	SN	Mecklenburg-Vorpommern	<img src=StateFlag_Mecklenburg-Vorpommern.svg>	<img src=StateCOA_Mecklenburg-Vorpommern.svg>	98 308	130	753	<img src=DistrictMap_Schwerin.png>	<img src=blank_districts_map.png>
5122	Solingen	<img src=COA_Solingen.svg>	SG	Nordrhein-Westfalen	<img src=StateFlag_Nordrhein-Westfalen.svg>	<img src=StateCOA_Nordrhein-Westfalen.svg>	165 626	89	1850	<img src=DistrictMap_Solingen.png>	<img src=blank_districts_map.png>
7318	Speyer	<img src=COA_Speyer.svg>	SP	Rheinland-Pfalz	<img src=StateFlag_Rheinland-Pfalz.svg>	<img src=StateCOA_Rheinland-Pfalz.svg>	49 564	42	1160	<img src=DistrictMap_Speyer.png>	<img src=blank_districts_map.png>
9263	Straubing	<img src=COA_Straubing.svg>	SR	Bayern	<img src=StateFlag_Bayern.svg>	<img src=StateCOA_Bayern.svg>	49 002	67	725	<img src=DistrictMap_Straubing.png>	<img src=blank_districts_map.png>
8111	Stuttgart	<img src=COA_Stuttgart.svg>	S	Baden-Württemberg	<img src=StateFlag_Baden-Württemberg.svg>	<img src=StateCOA_Baden-Württemberg.svg>	612 663	207	2955	<img src=DistrictMap_Stuttgart.png>	<img src=blank_districts_map.png>
16054	Suhl	<img src=COA_Suhl.svg>	SHL	Thüringen	<img src=StateFlag_Thüringen.svg>	<img src=StateCOA_Thüringen.svg>	34 685	141	245	<img src=DistrictMap_Suhl.png>	<img src=blank_districts_map.png>
7211	Trier	<img src=COA_Trier.svg>	TR	Rheinland-Pfalz	<img src=StateFlag_Rheinland-Pfalz.svg>	<img src=StateCOA_Rheinland-Pfalz.svg>	104 342	117	891	<img src=DistrictMap_Trier.png>	<img src=blank_districts_map.png>
8421	Ulm	<img src=COA_Ulm.svg>	UL	Baden-Württemberg	<img src=StateFlag_Baden-Württemberg.svg>	<img src=StateCOA_Baden-Württemberg.svg>	129 882	118	1094	<img src=DistrictMap_Ulm.png>	<img src=blank_districts_map.png>
9363	Weiden in der Oberpfalz	<img src=COA_Weiden.svg>	WEN	Bayern	<img src=StateFlag_Bayern.svg>	<img src=StateCOA_Bayern.svg>	42 444	70	601	<img src=DistrictMap_Weiden_in_der_Oberpfalz.png>	<img src=blank_districts_map.png>
16055	Weimar	<img src=COA_Weimar.svg>	WE	Thüringen	<img src=StateFlag_Thüringen.svg>	<img src=StateCOA_Thüringen.svg>	65 954	84	781	<img src=DistrictMap_Weimar.png>	<img src=blank_districts_map.png>
6414	Wiesbaden	<img src=COA_Wiesbaden.svg>	WI	Hessen	<img src=StateFlag_Hessen.svg>	<img src=StateCOA_Hessen.svg>	288 850	203	1417	<img src=DistrictMap_Wiesbaden.png>	<img src=blank_districts_map.png>
3405	Wilhelmshaven	<img src=COA_Wilhelmshaven.svg>	WHV	Niedersachsen	<img src=StateFlag_Niedersachsen.svg>	<img src=StateCOA_Niedersachsen.svg>	75 745	107	707	<img src=DistrictMap_Wilhelmshaven.png>	<img src=blank_districts_map.png>
3103	Wolfsburg	<img src=COA_Wolfsburg.svg>	WOB	Niedersachsen	<img src=StateFlag_Niedersachsen.svg>	<img src=StateCOA_Niedersachsen.svg>	129 560	204	633	<img src=DistrictMap_Wolfsburg.png>	<img src=blank_districts_map.png>
7319	Worms	<img src=COA_Worms.svg>	WO	Rheinland-Pfalz	<img src=StateFlag_Rheinland-Pfalz.svg>	<img src=StateCOA_Rheinland-Pfalz.svg>	86 753	108	798	<img src=DistrictMap_Worms.png>	<img src=blank_districts_map.png>
5124	Wuppertal	<img src=COA_Wuppertal.svg>	W	Nordrhein-Westfalen	<img src=StateFlag_Nordrhein-Westfalen.svg>	<img src=StateCOA_Nordrhein-Westfalen.svg>	358 193	168	2127	<img src=DistrictMap_Wuppertal.png>	<img src=blank_districts_map.png>
9663	Würzburg (Stadt)	<img src=COA_Würzburg.svg>	WÜ	Bayern	<img src=StateFlag_Bayern.svg>	<img src=StateCOA_Bayern.svg>	133 258	87	1521	<img src=DistrictMap_Würzburg_(Stadt).png>	<img src=blank_districts_map.png>
7320	Zweibrücken	<img src=COA_Zweibrücken.svg>	ZW	Rheinland-Pfalz	<img src=StateFlag_Rheinland-Pfalz.svg>	<img src=StateCOA_Rheinland-Pfalz.svg>	33 323	70	472	<img src=DistrictMap_Zweibrücken.png>	<img src=blank_districts_map.png>
